-- MySQL dump 10.13  Distrib 8.0.18, for Win64 (x86_64)
--
-- Host: 127.0.0.1    Database: li_chess
-- ------------------------------------------------------
-- Server version	8.0.18

/*!40101 SET @OLD_CHARACTER_SET_CLIENT=@@CHARACTER_SET_CLIENT */;
/*!40101 SET @OLD_CHARACTER_SET_RESULTS=@@CHARACTER_SET_RESULTS */;
/*!40101 SET @OLD_COLLATION_CONNECTION=@@COLLATION_CONNECTION */;
/*!50503 SET NAMES utf8mb4 */;
/*!40103 SET @OLD_TIME_ZONE=@@TIME_ZONE */;
/*!40103 SET TIME_ZONE='+00:00' */;
/*!40014 SET @OLD_UNIQUE_CHECKS=@@UNIQUE_CHECKS, UNIQUE_CHECKS=0 */;
/*!40014 SET @OLD_FOREIGN_KEY_CHECKS=@@FOREIGN_KEY_CHECKS, FOREIGN_KEY_CHECKS=0 */;
/*!40101 SET @OLD_SQL_MODE=@@SQL_MODE, SQL_MODE='NO_AUTO_VALUE_ON_ZERO' */;
/*!40111 SET @OLD_SQL_NOTES=@@SQL_NOTES, SQL_NOTES=0 */;

--
-- Temporary view structure for view `available_trainers`
--

DROP TABLE IF EXISTS `available_trainers`;
/*!50001 DROP VIEW IF EXISTS `available_trainers`*/;
SET @saved_cs_client     = @@character_set_client;
/*!50503 SET character_set_client = utf8mb4 */;
/*!50001 CREATE VIEW `available_trainers` AS SELECT 
 1 AS `id`,
 1 AS `name`,
 1 AS `ratio_for_hour`*/;
SET character_set_client = @saved_cs_client;

--
-- Table structure for table `boards`
--

DROP TABLE IF EXISTS `boards`;
/*!40101 SET @saved_cs_client     = @@character_set_client */;
/*!50503 SET character_set_client = utf8mb4 */;
CREATE TABLE `boards` (
  `id` int(11) NOT NULL AUTO_INCREMENT,
  `name` varchar(16) DEFAULT NULL,
  `board` json DEFAULT NULL,
  PRIMARY KEY (`id`)
) ENGINE=InnoDB AUTO_INCREMENT=7 DEFAULT CHARSET=utf8mb4 COLLATE=utf8mb4_0900_ai_ci;
/*!40101 SET character_set_client = @saved_cs_client */;

--
-- Dumping data for table `boards`
--

LOCK TABLES `boards` WRITE;
/*!40000 ALTER TABLE `boards` DISABLE KEYS */;
INSERT INTO `boards` VALUES (1,'Brown',NULL),(2,'Blue',NULL),(3,'Grey',NULL),(4,'Purple',NULL),(5,'Wood',NULL),(6,'Maple',NULL);
/*!40000 ALTER TABLE `boards` ENABLE KEYS */;
UNLOCK TABLES;

--
-- Table structure for table `clubs`
--

DROP TABLE IF EXISTS `clubs`;
/*!40101 SET @saved_cs_client     = @@character_set_client */;
/*!50503 SET character_set_client = utf8mb4 */;
CREATE TABLE `clubs` (
  `id` int(11) NOT NULL AUTO_INCREMENT,
  `name` varchar(150) CHARACTER SET utf8 COLLATE utf8_unicode_ci DEFAULT NULL,
  `created_at` timestamp NOT NULL DEFAULT CURRENT_TIMESTAMP,
  `is_closed` tinyint(1) DEFAULT NULL,
  PRIMARY KEY (`id`)
) ENGINE=InnoDB AUTO_INCREMENT=31 DEFAULT CHARSET=utf8 COLLATE=utf8_unicode_ci;
/*!40101 SET character_set_client = @saved_cs_client */;

--
-- Dumping data for table `clubs`
--

LOCK TABLES `clubs` WRITE;
/*!40000 ALTER TABLE `clubs` DISABLE KEYS */;
INSERT INTO `clubs` VALUES (1,'Feil PLC','1973-01-21 18:46:27',NULL),(2,'Sawayn LLC','1971-03-22 21:21:53',NULL),(3,'Cassin and Sons','2011-12-04 02:27:36',NULL),(4,'Corkery-Barton','2012-06-21 10:52:51',NULL),(5,'Graham Ltd','2010-08-17 19:19:02',NULL),(6,'Murazik PLC','1975-06-24 08:00:47',1),(7,'Mraz-Christiansen','1998-11-04 12:25:51',NULL),(8,'Rempel-Armstrong','1984-01-06 15:59:26',1),(9,'Konopelski-Ryan','1981-06-19 20:32:07',NULL),(10,'Goyette and Sons','2012-06-16 15:01:34',NULL),(11,'Johns, Mayert and Kunze','1982-12-04 03:13:59',NULL),(12,'Christiansen, Collier and Bechtelar','2018-10-05 10:37:07',NULL),(13,'McDermott-Wunsch','1998-06-01 18:13:00',NULL),(14,'Weissnat, Ferry and Wisoky','1983-10-05 15:22:03',NULL),(15,'Nicolas-Ankunding','1983-05-15 04:39:07',NULL),(16,'Kassulke-Farrell','2005-01-28 19:39:28',NULL),(17,'Senger, Pacocha and Harvey','2010-09-13 10:42:37',NULL),(18,'Renner-Weimann','2018-03-31 07:20:01',NULL),(19,'Heathcote-Kassulke','1978-11-20 04:59:34',NULL),(20,'Turner, Lesch and Huels','2014-11-20 05:11:12',NULL),(21,'Casper Group','2004-10-23 01:22:44',NULL),(22,'Legros, Beatty and Veum','1983-10-26 14:15:55',NULL),(23,'Nienow and Sons','1979-09-02 11:54:39',NULL),(24,'Schinner-Will','2002-12-23 10:29:15',NULL),(25,'Nienow Group','1972-11-06 00:57:21',NULL),(26,'Crona-Muller','2017-08-24 15:06:37',NULL),(27,'Berge-Kovacek','1976-08-12 11:37:31',NULL),(28,'Ryan-Maggio','2003-04-10 18:10:12',NULL),(29,'Spinka, Bogan and Altenwerth','2018-03-11 10:51:23',NULL),(30,'Thompson-Grimes','1978-08-12 21:13:42',NULL);
/*!40000 ALTER TABLE `clubs` ENABLE KEYS */;
UNLOCK TABLES;

--
-- Table structure for table `clubs_members`
--

DROP TABLE IF EXISTS `clubs_members`;
/*!40101 SET @saved_cs_client     = @@character_set_client */;
/*!50503 SET character_set_client = utf8mb4 */;
CREATE TABLE `clubs_members` (
  `club_id` int(11) DEFAULT NULL,
  `user_id` int(11) DEFAULT NULL,
  `is_admin` tinyint(1) DEFAULT NULL,
  `is_banned` tinyint(1) DEFAULT NULL,
  KEY `clubs_members_club_id_fk` (`club_id`),
  KEY `clubs_members_user_id_fk` (`user_id`),
  CONSTRAINT `clubs_members_club_id_fk` FOREIGN KEY (`club_id`) REFERENCES `clubs` (`id`),
  CONSTRAINT `clubs_members_user_id_fk` FOREIGN KEY (`user_id`) REFERENCES `users` (`id`)
) ENGINE=InnoDB DEFAULT CHARSET=utf8 COLLATE=utf8_unicode_ci;
/*!40101 SET character_set_client = @saved_cs_client */;

--
-- Dumping data for table `clubs_members`
--

LOCK TABLES `clubs_members` WRITE;
/*!40000 ALTER TABLE `clubs_members` DISABLE KEYS */;
INSERT INTO `clubs_members` VALUES (1,1,NULL,NULL),(2,2,NULL,NULL),(3,3,NULL,NULL),(4,4,NULL,NULL),(5,5,NULL,NULL),(6,6,NULL,NULL),(7,7,NULL,NULL),(8,8,NULL,NULL),(9,9,NULL,NULL),(10,10,NULL,NULL),(11,11,NULL,NULL),(12,12,NULL,NULL),(13,13,NULL,NULL),(14,14,NULL,NULL),(15,15,NULL,NULL),(16,16,NULL,NULL),(17,17,NULL,NULL),(18,18,NULL,NULL),(19,19,NULL,NULL),(20,20,NULL,NULL),(21,21,NULL,NULL),(22,22,NULL,NULL),(23,23,NULL,NULL),(24,24,NULL,NULL),(25,25,NULL,NULL),(26,26,NULL,NULL),(27,27,NULL,NULL),(28,28,NULL,NULL),(29,29,NULL,NULL),(30,30,NULL,NULL),(1,31,NULL,NULL),(2,32,NULL,NULL),(3,33,NULL,NULL),(4,34,NULL,NULL),(5,35,NULL,NULL),(6,36,NULL,NULL),(7,37,NULL,NULL),(8,38,NULL,NULL),(9,39,NULL,NULL),(10,40,NULL,NULL),(11,41,NULL,NULL),(12,42,NULL,NULL),(13,43,NULL,NULL),(14,44,NULL,NULL),(15,45,NULL,NULL),(16,46,NULL,NULL),(17,47,NULL,NULL),(18,48,NULL,NULL),(19,49,NULL,NULL),(20,50,NULL,NULL),(21,51,NULL,NULL),(22,52,NULL,NULL),(23,53,NULL,NULL),(24,54,NULL,NULL),(25,55,NULL,NULL),(26,56,NULL,NULL),(27,57,NULL,NULL),(28,58,NULL,NULL),(29,59,NULL,NULL),(30,60,NULL,NULL),(1,61,NULL,NULL),(2,62,NULL,NULL),(3,63,NULL,NULL),(4,64,NULL,NULL),(5,65,NULL,NULL),(6,66,NULL,NULL),(7,67,NULL,NULL),(8,68,NULL,NULL),(9,69,NULL,NULL),(10,70,NULL,NULL),(11,71,NULL,NULL),(12,72,NULL,NULL),(13,73,NULL,NULL),(14,74,NULL,NULL),(15,75,NULL,NULL),(16,76,NULL,NULL),(17,77,NULL,NULL),(18,78,NULL,NULL),(19,79,NULL,NULL),(20,80,NULL,NULL),(21,81,NULL,NULL),(22,82,NULL,NULL),(23,83,NULL,NULL),(24,84,NULL,NULL),(25,85,NULL,NULL),(26,86,NULL,NULL),(27,87,NULL,NULL),(28,88,NULL,NULL),(29,89,NULL,NULL),(30,90,NULL,NULL),(1,91,NULL,NULL),(2,92,NULL,NULL),(3,93,NULL,NULL),(4,94,NULL,NULL),(5,95,NULL,NULL),(6,96,NULL,NULL),(7,97,NULL,NULL),(8,98,NULL,NULL),(9,99,NULL,NULL),(10,100,NULL,NULL),(11,1,NULL,NULL),(12,2,NULL,NULL),(13,3,NULL,NULL),(14,4,NULL,NULL),(15,5,NULL,NULL),(16,6,NULL,NULL),(17,7,NULL,NULL),(18,8,NULL,NULL),(19,9,NULL,NULL),(20,10,NULL,NULL),(21,11,NULL,NULL),(22,12,NULL,NULL),(23,13,NULL,NULL),(24,14,NULL,NULL),(25,15,NULL,NULL),(26,16,NULL,NULL),(27,17,NULL,NULL),(28,18,NULL,NULL),(29,19,NULL,NULL),(30,20,NULL,NULL),(1,21,NULL,NULL),(2,22,NULL,NULL),(3,23,NULL,NULL),(4,24,NULL,NULL),(5,25,NULL,NULL),(6,26,NULL,NULL),(7,27,NULL,NULL),(8,28,NULL,NULL),(9,29,NULL,NULL),(10,30,NULL,NULL),(11,31,NULL,NULL),(12,32,NULL,NULL),(13,33,NULL,NULL),(14,34,NULL,NULL),(15,35,NULL,NULL),(16,36,NULL,NULL),(17,37,NULL,NULL),(18,38,NULL,NULL),(19,39,NULL,NULL),(20,40,NULL,NULL),(21,41,NULL,NULL),(22,42,NULL,NULL),(23,43,NULL,NULL),(24,44,NULL,NULL),(25,45,NULL,NULL),(26,46,NULL,NULL),(27,47,NULL,NULL),(28,48,NULL,NULL),(29,49,NULL,NULL),(30,50,NULL,NULL),(1,51,NULL,NULL),(2,52,NULL,NULL),(3,53,NULL,NULL),(4,54,NULL,NULL),(5,55,NULL,NULL),(6,56,NULL,NULL),(7,57,NULL,NULL),(8,58,NULL,NULL),(9,59,NULL,NULL),(10,60,NULL,NULL),(11,61,NULL,NULL),(12,62,NULL,NULL),(13,63,NULL,NULL),(14,64,NULL,NULL),(15,65,NULL,NULL),(16,66,NULL,NULL),(17,67,NULL,NULL),(18,68,NULL,NULL),(19,69,NULL,NULL),(20,70,NULL,NULL),(21,71,NULL,NULL),(22,72,NULL,NULL),(23,73,NULL,NULL),(24,74,NULL,NULL),(25,75,NULL,NULL),(26,76,NULL,NULL),(27,77,NULL,NULL),(28,78,NULL,NULL),(29,79,NULL,NULL),(30,80,NULL,NULL),(1,81,NULL,NULL),(2,82,NULL,NULL),(3,83,NULL,NULL),(4,84,NULL,NULL),(5,85,NULL,NULL),(6,86,NULL,NULL),(7,87,NULL,NULL),(8,88,NULL,NULL),(9,89,NULL,NULL),(10,90,NULL,NULL),(11,91,NULL,NULL),(12,92,NULL,NULL),(13,93,NULL,NULL),(14,94,NULL,NULL),(15,95,NULL,NULL),(16,96,NULL,NULL),(17,97,NULL,NULL),(18,98,NULL,NULL),(19,99,NULL,NULL),(20,100,NULL,NULL);
/*!40000 ALTER TABLE `clubs_members` ENABLE KEYS */;
UNLOCK TABLES;

--
-- Temporary view structure for view `current_tournaments`
--

DROP TABLE IF EXISTS `current_tournaments`;
/*!50001 DROP VIEW IF EXISTS `current_tournaments`*/;
SET @saved_cs_client     = @@character_set_client;
/*!50503 SET character_set_client = utf8mb4 */;
/*!50001 CREATE VIEW `current_tournaments` AS SELECT 
 1 AS `name`,
 1 AS `type_game`,
 1 AS `start_at`*/;
SET character_set_client = @saved_cs_client;

--
-- Table structure for table `figures`
--

DROP TABLE IF EXISTS `figures`;
/*!40101 SET @saved_cs_client     = @@character_set_client */;
/*!50503 SET character_set_client = utf8mb4 */;
CREATE TABLE `figures` (
  `id` int(11) NOT NULL AUTO_INCREMENT,
  `name` varchar(16) DEFAULT NULL,
  `shot_name` varchar(16) DEFAULT NULL,
  `pict` json DEFAULT NULL,
  PRIMARY KEY (`id`)
) ENGINE=InnoDB AUTO_INCREMENT=7 DEFAULT CHARSET=utf8mb4 COLLATE=utf8mb4_0900_ai_ci;
/*!40101 SET character_set_client = @saved_cs_client */;

--
-- Dumping data for table `figures`
--

LOCK TABLES `figures` WRITE;
/*!40000 ALTER TABLE `figures` DISABLE KEYS */;
INSERT INTO `figures` VALUES (1,'king','K',NULL),(2,'queen','Q',NULL),(3,'rook','R',NULL),(4,'knight','N',NULL),(5,'bishop','B',NULL),(6,'pawn','P',NULL);
/*!40000 ALTER TABLE `figures` ENABLE KEYS */;
UNLOCK TABLES;

--
-- Table structure for table `figures_types`
--

DROP TABLE IF EXISTS `figures_types`;
/*!40101 SET @saved_cs_client     = @@character_set_client */;
/*!50503 SET character_set_client = utf8mb4 */;
CREATE TABLE `figures_types` (
  `id` int(11) NOT NULL AUTO_INCREMENT,
  `name` varchar(16) DEFAULT NULL,
  `figures_type` json DEFAULT NULL,
  PRIMARY KEY (`id`)
) ENGINE=InnoDB AUTO_INCREMENT=7 DEFAULT CHARSET=utf8mb4 COLLATE=utf8mb4_0900_ai_ci;
/*!40101 SET character_set_client = @saved_cs_client */;

--
-- Dumping data for table `figures_types`
--

LOCK TABLES `figures_types` WRITE;
/*!40000 ALTER TABLE `figures_types` DISABLE KEYS */;
INSERT INTO `figures_types` VALUES (1,'Merida',NULL),(2,'Pirouetti',NULL),(3,'Alpha',NULL),(4,'Spatial',NULL),(5,'Companion',NULL),(6,'Leipzig',NULL);
/*!40000 ALTER TABLE `figures_types` ENABLE KEYS */;
UNLOCK TABLES;

--
-- Table structure for table `games`
--

DROP TABLE IF EXISTS `games`;
/*!40101 SET @saved_cs_client     = @@character_set_client */;
/*!50503 SET character_set_client = utf8mb4 */;
CREATE TABLE `games` (
  `id` int(11) NOT NULL AUTO_INCREMENT,
  `type_game_id` int(11) DEFAULT NULL,
  `white` int(11) NOT NULL COMMENT 'user_id',
  `black` int(11) NOT NULL COMMENT 'user_id',
  `status_id` int(11) DEFAULT NULL,
  `result_game` float(3,1) unsigned DEFAULT NULL COMMENT '1 - white winner, 0- black winner, 0,5 - draw',
  `tournament_id` int(11) DEFAULT NULL,
  `start_at` datetime NOT NULL DEFAULT CURRENT_TIMESTAMP,
  `finished_at` datetime NOT NULL DEFAULT CURRENT_TIMESTAMP,
  PRIMARY KEY (`id`),
  KEY `games_black_fk` (`black`),
  KEY `games_tournament_id_fk` (`tournament_id`),
  KEY `games_white_fk` (`white`),
  KEY `games_type_game_id_fk` (`type_game_id`),
  KEY `games_status_id_fk` (`status_id`),
  KEY `games_status_id_idx` (`status_id`),
  KEY `games_type_game_id_idx` (`type_game_id`),
  CONSTRAINT `games_black_fk` FOREIGN KEY (`black`) REFERENCES `users` (`id`),
  CONSTRAINT `games_status_id_fk` FOREIGN KEY (`status_id`) REFERENCES `status_game` (`id`),
  CONSTRAINT `games_tournament_id_fk` FOREIGN KEY (`tournament_id`) REFERENCES `tournaments` (`id`),
  CONSTRAINT `games_white_fk` FOREIGN KEY (`white`) REFERENCES `users` (`id`)
) ENGINE=InnoDB AUTO_INCREMENT=501 DEFAULT CHARSET=utf8 COLLATE=utf8_unicode_ci;
/*!40101 SET character_set_client = @saved_cs_client */;

--
-- Dumping data for table `games`
--

LOCK TABLES `games` WRITE;
/*!40000 ALTER TABLE `games` DISABLE KEYS */;
INSERT INTO `games` VALUES (1,1,52,61,1,0.5,NULL,'2017-05-26 17:42:14','1994-05-29 11:56:54'),(2,2,44,63,3,0.5,2,'1978-05-01 00:43:34','1993-11-01 16:37:30'),(3,3,82,28,1,0.0,3,'1994-05-29 11:51:54','1993-11-01 16:46:30'),(4,4,81,7,2,0.0,NULL,'1993-11-01 16:28:30','1994-05-29 12:18:54'),(5,5,18,14,2,0.5,5,'2010-02-03 19:51:12','1978-05-01 03:43:34'),(6,6,58,92,1,0.5,6,'1984-02-15 16:15:24','2017-05-26 17:47:14'),(7,7,51,73,3,0.5,7,'2006-09-18 11:54:35','2017-05-26 17:47:14'),(8,8,92,100,3,0.0,NULL,'1997-06-10 08:01:17','1993-11-01 16:55:30'),(9,9,74,45,1,1.0,9,'1985-06-20 03:18:46','2017-05-26 17:47:14'),(10,1,15,50,2,0.0,10,'2017-05-26 17:42:14','1994-05-29 11:56:54'),(11,1,81,47,2,0.5,11,'2017-05-26 17:42:14','1978-05-01 00:48:34'),(12,1,86,1,1,0.0,12,'2017-05-26 17:42:14','1978-05-01 00:48:34'),(13,1,50,100,3,0.0,13,'2017-05-26 17:42:14','1994-05-29 11:56:54'),(14,1,3,39,3,0.0,14,'2017-05-26 17:42:14','1993-11-01 16:33:30'),(15,1,35,77,3,0.5,NULL,'2017-05-26 17:42:14','1993-11-01 16:33:30'),(16,1,16,34,3,1.0,16,'2017-05-26 17:42:14','1994-05-29 11:56:54'),(17,1,20,66,3,0.0,17,'2017-05-26 17:42:14','1994-05-29 11:56:54'),(18,1,27,36,2,0.5,18,'2017-05-26 17:42:14','1993-11-01 16:33:30'),(19,1,62,93,3,0.0,19,'2017-05-26 17:42:14','2017-05-26 17:47:14'),(20,2,43,96,1,0.0,20,'1978-05-01 00:43:34','2017-05-26 17:51:14'),(21,2,23,89,2,0.5,21,'1978-05-01 00:43:34','1978-05-01 00:52:34'),(22,2,98,20,1,0.0,22,'1978-05-01 00:43:34','1978-05-01 00:52:34'),(23,2,100,51,2,0.0,23,'1978-05-01 00:43:34','2017-05-26 17:51:14'),(24,2,88,61,3,0.0,24,'1978-05-01 00:43:34','1978-05-01 00:52:34'),(25,2,9,66,3,1.0,25,'1978-05-01 00:43:34','1993-11-01 16:37:30'),(26,2,7,91,2,0.0,26,'1978-05-01 00:43:34','1994-05-29 12:00:54'),(27,2,80,49,1,1.0,27,'1978-05-01 00:43:34','1978-05-01 00:52:34'),(28,2,69,45,1,0.5,28,'1978-05-01 00:43:34','1993-11-01 16:37:30'),(29,2,92,66,2,1.0,29,'1978-05-01 00:43:34','2017-05-26 17:51:14'),(30,3,15,29,1,0.0,NULL,'1994-05-29 11:51:54','1978-05-01 01:01:34'),(31,3,34,4,3,0.5,31,'1994-05-29 11:51:54','1993-11-01 16:46:30'),(32,3,97,29,3,0.5,32,'1994-05-29 11:51:54','2017-05-26 18:00:14'),(33,3,29,59,2,1.0,33,'1994-05-29 11:51:54','1978-05-01 01:01:34'),(34,3,3,72,3,0.5,34,'1994-05-29 11:51:54','2017-05-26 18:00:14'),(35,3,67,16,1,0.5,35,'1994-05-29 11:51:54','1993-11-01 16:46:30'),(36,3,88,78,3,0.5,NULL,'1994-05-29 11:51:54','1994-05-29 12:09:54'),(37,3,35,12,1,0.0,37,'1994-05-29 11:51:54','1993-11-01 16:46:30'),(38,3,8,79,3,0.5,38,'1994-05-29 11:51:54','1978-05-01 01:01:34'),(39,3,68,38,3,0.0,39,'1994-05-29 11:51:54','1994-05-29 12:09:54'),(40,4,51,60,3,1.0,40,'1993-11-01 16:28:30','1993-11-01 16:55:30'),(41,1,12,35,1,0.5,1,'2017-05-26 17:42:14','1993-11-01 16:33:30'),(42,2,46,84,3,0.0,2,'1978-05-01 00:43:34','1978-05-01 00:52:34'),(43,3,37,1,1,0.5,3,'1994-05-29 11:51:54','2017-05-26 18:00:14'),(44,4,22,7,2,0.0,4,'1993-11-01 16:28:30','2017-05-26 18:09:14'),(45,5,29,67,2,0.0,5,'2010-02-03 19:51:12','2017-05-26 20:42:14'),(46,6,72,49,1,1.0,6,'1984-02-15 16:15:24','1978-05-01 00:52:34'),(47,7,72,43,3,0.5,7,'2006-09-18 11:54:35','2017-05-26 17:47:14'),(48,8,92,4,3,0.5,NULL,'1997-06-10 08:01:17','1993-11-01 16:55:30'),(49,9,93,14,1,1.0,9,'1985-06-20 03:18:46','1993-11-01 16:55:30'),(50,1,58,38,2,1.0,10,'2017-05-26 17:42:14','1978-05-01 00:48:34'),(51,1,36,82,2,1.0,11,'2017-05-26 17:42:14','1993-11-01 16:33:30'),(52,1,56,69,1,0.5,12,'2017-05-26 17:42:14','1993-11-01 16:33:30'),(53,1,98,91,3,1.0,13,'2017-05-26 17:42:14','1993-11-01 16:33:30'),(54,1,74,73,3,0.0,14,'2017-05-26 17:42:14','1978-05-01 00:48:34'),(55,1,31,67,3,1.0,15,'2017-05-26 17:42:14','1978-05-01 00:48:34'),(56,1,41,64,3,0.5,16,'2017-05-26 17:42:14','1978-05-01 00:48:34'),(57,1,6,94,3,1.0,17,'2017-05-26 17:42:14','1993-11-01 16:33:30'),(58,1,32,54,2,1.0,18,'2017-05-26 17:42:14','2017-05-26 17:47:14'),(59,1,98,16,3,0.5,NULL,'2017-05-26 17:42:14','2017-05-26 17:47:14'),(60,2,33,32,1,1.0,NULL,'1978-05-01 00:43:34','1978-05-01 00:52:34'),(61,2,20,11,2,0.0,21,'1978-05-01 00:43:34','1978-05-01 00:52:34'),(62,2,50,45,1,1.0,22,'1978-05-01 00:43:34','1994-05-29 12:00:54'),(63,2,76,75,2,0.0,23,'1978-05-01 00:43:34','1978-05-01 00:52:34'),(64,2,38,100,3,0.5,24,'1978-05-01 00:43:34','1993-11-01 16:37:30'),(65,2,18,61,3,0.0,25,'1978-05-01 00:43:34','2017-05-26 17:51:14'),(66,2,25,89,2,1.0,26,'1978-05-01 00:43:34','1993-11-01 16:37:30'),(67,2,25,72,1,0.5,27,'1978-05-01 00:43:34','1993-11-01 16:37:30'),(68,2,18,100,1,0.0,28,'1978-05-01 00:43:34','1993-11-01 16:37:30'),(69,2,57,52,2,1.0,29,'1978-05-01 00:43:34','1978-05-01 00:52:34'),(70,3,75,6,1,0.5,30,'1994-05-29 11:51:54','1993-11-01 16:46:30'),(71,3,74,67,3,0.0,31,'1994-05-29 11:51:54','1993-11-01 16:46:30'),(72,3,14,19,3,0.0,32,'1994-05-29 11:51:54','1993-11-01 16:46:30'),(73,3,57,96,2,0.0,33,'1994-05-29 11:51:54','1994-05-29 12:09:54'),(74,3,51,48,3,0.5,34,'1994-05-29 11:51:54','1993-11-01 16:46:30'),(75,3,75,42,1,1.0,35,'1994-05-29 11:51:54','1994-05-29 12:09:54'),(76,3,17,56,3,1.0,36,'1994-05-29 11:51:54','1994-05-29 12:09:54'),(77,3,17,9,1,0.5,37,'1994-05-29 11:51:54','1978-05-01 01:01:34'),(78,3,100,11,3,0.0,NULL,'1994-05-29 11:51:54','2017-05-26 18:00:14'),(79,3,81,3,3,0.0,39,'1994-05-29 11:51:54','2017-05-26 18:00:14'),(80,4,19,60,3,0.0,40,'1993-11-01 16:28:30','1993-11-01 16:55:30'),(81,1,63,32,1,1.0,1,'2017-05-26 17:42:14','1993-11-01 16:33:30'),(82,2,49,96,3,0.5,2,'1978-05-01 00:43:34','1978-05-01 00:52:34'),(83,3,53,83,1,0.5,3,'1994-05-29 11:51:54','2017-05-26 18:00:14'),(84,4,50,99,2,0.0,4,'1993-11-01 16:28:30','1993-11-01 16:55:30'),(85,5,70,13,2,0.0,5,'2010-02-03 19:51:12','2017-05-26 20:42:14'),(86,6,68,54,1,0.0,6,'1984-02-15 16:15:24','1978-05-01 00:52:34'),(87,7,7,61,3,0.5,7,'2006-09-18 11:54:35','1994-05-29 12:09:54'),(88,8,7,66,3,0.0,8,'1997-06-10 08:01:17','2017-05-26 17:47:14'),(89,9,20,34,1,0.5,9,'1985-06-20 03:18:46','1994-05-29 12:09:54'),(90,1,69,53,2,1.0,NULL,'2017-05-26 17:42:14','1994-05-29 11:56:54'),(91,1,41,76,2,0.0,11,'2017-05-26 17:42:14','1994-05-29 11:56:54'),(92,1,76,100,1,0.0,12,'2017-05-26 17:42:14','1993-11-01 16:33:30'),(93,1,48,69,3,1.0,13,'2017-05-26 17:42:14','1993-11-01 16:33:30'),(94,1,55,98,3,1.0,14,'2017-05-26 17:42:14','1978-05-01 00:48:34'),(95,1,24,59,3,0.0,15,'2017-05-26 17:42:14','2017-05-26 17:47:14'),(96,1,19,11,3,0.0,16,'2017-05-26 17:42:14','1978-05-01 00:48:34'),(97,1,64,55,3,0.5,NULL,'2017-05-26 17:42:14','1993-11-01 16:33:30'),(98,1,34,59,2,0.0,18,'2017-05-26 17:42:14','1993-11-01 16:33:30'),(99,1,64,16,3,1.0,19,'2017-05-26 17:42:14','1993-11-01 16:33:30'),(100,2,81,82,1,0.5,20,'1978-05-01 00:43:34','1978-05-01 00:52:34'),(101,2,6,74,2,0.5,21,'1978-05-01 00:43:34','1993-11-01 16:37:30'),(102,2,66,29,1,0.0,22,'1978-05-01 00:43:34','1978-05-01 00:52:34'),(103,2,59,50,2,1.0,23,'1978-05-01 00:43:34','1994-05-29 12:00:54'),(104,2,86,67,3,0.0,24,'1978-05-01 00:43:34','1993-11-01 16:37:30'),(105,2,51,18,3,0.0,25,'1978-05-01 00:43:34','1978-05-01 00:52:34'),(106,2,75,16,2,0.5,26,'1978-05-01 00:43:34','1994-05-29 12:00:54'),(107,2,57,5,1,0.5,27,'1978-05-01 00:43:34','1994-05-29 12:00:54'),(108,2,65,4,1,0.0,28,'1978-05-01 00:43:34','2017-05-26 17:51:14'),(109,2,19,53,2,0.5,29,'1978-05-01 00:43:34','1993-11-01 16:37:30'),(110,3,76,95,1,1.0,30,'1994-05-29 11:51:54','1994-05-29 12:09:54'),(111,3,53,100,3,0.0,31,'1994-05-29 11:51:54','1978-05-01 01:01:34'),(112,3,82,16,3,1.0,32,'1994-05-29 11:51:54','1993-11-01 16:46:30'),(113,3,92,60,2,0.5,33,'1994-05-29 11:51:54','1978-05-01 01:01:34'),(114,3,7,2,3,0.5,34,'1994-05-29 11:51:54','1994-05-29 12:09:54'),(115,3,4,54,1,0.5,35,'1994-05-29 11:51:54','1994-05-29 12:09:54'),(116,3,1,26,3,0.5,36,'1994-05-29 11:51:54','1978-05-01 01:01:34'),(117,3,8,31,1,0.5,37,'1994-05-29 11:51:54','1978-05-01 01:01:34'),(118,3,34,41,3,0.0,NULL,'1994-05-29 11:51:54','1993-11-01 16:46:30'),(119,3,64,26,3,0.0,39,'1994-05-29 11:51:54','1978-05-01 01:01:34'),(120,4,60,49,3,1.0,NULL,'1993-11-01 16:28:30','1978-05-01 01:10:34'),(121,1,58,34,1,0.0,1,'2017-05-26 17:42:14','1993-11-01 16:33:30'),(122,2,23,44,3,0.5,2,'1978-05-01 00:43:34','1993-11-01 16:37:30'),(123,3,56,3,1,1.0,3,'1994-05-29 11:51:54','1994-05-29 12:09:54'),(124,4,31,68,2,0.0,4,'1993-11-01 16:28:30','1978-05-01 01:10:34'),(125,5,72,25,2,1.0,5,'2010-02-03 19:51:12','2017-05-26 20:42:14'),(126,6,15,26,1,1.0,6,'1984-02-15 16:15:24','1978-05-01 00:52:34'),(127,7,98,35,3,0.5,7,'2006-09-18 11:54:35','1993-11-01 16:55:30'),(128,8,29,53,3,0.5,8,'1997-06-10 08:01:17','1993-11-01 16:55:30'),(129,9,41,90,1,0.0,9,'1985-06-20 03:18:46','1994-05-29 12:09:54'),(130,1,90,65,2,0.0,10,'2017-05-26 17:42:14','1994-05-29 11:56:54'),(131,1,59,94,2,0.0,11,'2017-05-26 17:42:14','1978-05-01 00:48:34'),(132,1,69,66,1,1.0,12,'2017-05-26 17:42:14','1994-05-29 11:56:54'),(133,1,44,26,3,0.0,13,'2017-05-26 17:42:14','1993-11-01 16:33:30'),(134,1,95,81,3,0.5,14,'2017-05-26 17:42:14','1994-05-29 11:56:54'),(135,1,38,50,3,0.0,15,'2017-05-26 17:42:14','1994-05-29 11:56:54'),(136,1,44,41,3,0.5,16,'2017-05-26 17:42:14','1978-05-01 00:48:34'),(137,1,22,78,3,1.0,17,'2017-05-26 17:42:14','1994-05-29 11:56:54'),(138,1,89,5,2,1.0,18,'2017-05-26 17:42:14','1978-05-01 00:48:34'),(139,1,64,34,3,0.5,19,'2017-05-26 17:42:14','1978-05-01 00:48:34'),(140,2,11,87,1,0.5,20,'1978-05-01 00:43:34','1994-05-29 12:00:54'),(141,2,100,5,2,1.0,21,'1978-05-01 00:43:34','1993-11-01 16:37:30'),(142,2,83,35,1,0.0,22,'1978-05-01 00:43:34','1978-05-01 00:52:34'),(143,2,76,83,2,0.5,23,'1978-05-01 00:43:34','1993-11-01 16:37:30'),(144,2,96,84,3,1.0,24,'1978-05-01 00:43:34','1978-05-01 00:52:34'),(145,2,15,61,3,1.0,25,'1978-05-01 00:43:34','1994-05-29 12:00:54'),(146,2,39,36,2,0.5,26,'1978-05-01 00:43:34','1993-11-01 16:37:30'),(147,2,12,69,1,1.0,27,'1978-05-01 00:43:34','1994-05-29 12:00:54'),(148,2,54,72,1,1.0,28,'1978-05-01 00:43:34','1994-05-29 12:00:54'),(149,2,12,31,2,1.0,29,'1978-05-01 00:43:34','1978-05-01 00:52:34'),(150,3,59,41,1,0.0,NULL,'1994-05-29 11:51:54','2017-05-26 18:00:14'),(151,3,68,65,3,0.0,31,'1994-05-29 11:51:54','1994-05-29 12:09:54'),(152,3,36,81,3,0.0,32,'1994-05-29 11:51:54','1994-05-29 12:09:54'),(153,3,87,98,2,0.0,33,'1994-05-29 11:51:54','1993-11-01 16:46:30'),(154,3,46,42,3,1.0,34,'1994-05-29 11:51:54','1994-05-29 12:09:54'),(155,3,13,74,1,0.5,35,'1994-05-29 11:51:54','1993-11-01 16:46:30'),(156,3,50,80,3,0.5,36,'1994-05-29 11:51:54','1994-05-29 12:09:54'),(157,3,53,55,1,0.0,37,'1994-05-29 11:51:54','1994-05-29 12:09:54'),(158,3,32,27,3,1.0,38,'1994-05-29 11:51:54','1978-05-01 01:01:34'),(159,3,35,94,3,0.5,39,'1994-05-29 11:51:54','1978-05-01 01:01:34'),(160,4,77,38,3,1.0,40,'1993-11-01 16:28:30','1994-05-29 12:18:54'),(161,1,48,44,1,1.0,1,'2017-05-26 17:42:14','2017-05-26 17:47:14'),(162,2,64,85,3,0.5,2,'1978-05-01 00:43:34','1978-05-01 00:52:34'),(163,3,38,58,1,0.5,3,'1994-05-29 11:51:54','1993-11-01 16:46:30'),(164,4,73,62,2,0.0,4,'1993-11-01 16:28:30','1993-11-01 16:55:30'),(165,5,50,46,2,0.0,5,'2010-02-03 19:51:12','2017-05-26 20:42:14'),(166,6,69,51,1,0.5,6,'1984-02-15 16:15:24','1978-05-01 00:52:34'),(167,7,39,47,3,0.0,7,'2006-09-18 11:54:35','2017-05-26 17:47:14'),(168,8,13,35,3,1.0,8,'1997-06-10 08:01:17','1993-11-01 16:55:30'),(169,9,95,59,1,1.0,9,'1985-06-20 03:18:46','1978-05-01 00:52:34'),(170,1,87,55,2,1.0,10,'2017-05-26 17:42:14','2017-05-26 17:47:14'),(171,1,31,10,2,0.5,11,'2017-05-26 17:42:14','2017-05-26 17:47:14'),(172,1,19,78,1,0.0,12,'2017-05-26 17:42:14','1978-05-01 00:48:34'),(173,1,9,12,3,1.0,13,'2017-05-26 17:42:14','1994-05-29 11:56:54'),(174,1,63,95,3,0.0,14,'2017-05-26 17:42:14','1994-05-29 11:56:54'),(175,1,80,61,3,0.0,15,'2017-05-26 17:42:14','1994-05-29 11:56:54'),(176,1,66,76,3,0.0,16,'2017-05-26 17:42:14','1993-11-01 16:33:30'),(177,1,91,99,3,1.0,17,'2017-05-26 17:42:14','2017-05-26 17:47:14'),(178,1,46,26,2,0.5,18,'2017-05-26 17:42:14','1993-11-01 16:33:30'),(179,1,38,70,3,0.0,19,'2017-05-26 17:42:14','2017-05-26 17:47:14'),(180,2,47,28,1,0.0,NULL,'1978-05-01 00:43:34','1994-05-29 12:00:54'),(181,2,82,89,2,1.0,21,'1978-05-01 00:43:34','1994-05-29 12:00:54'),(182,2,28,84,1,0.5,22,'1978-05-01 00:43:34','1993-11-01 16:37:30'),(183,2,96,53,2,0.5,23,'1978-05-01 00:43:34','1993-11-01 16:37:30'),(184,2,95,33,3,0.5,24,'1978-05-01 00:43:34','1994-05-29 12:00:54'),(185,2,67,32,3,0.5,25,'1978-05-01 00:43:34','2017-05-26 17:51:14'),(186,2,69,37,2,0.0,26,'1978-05-01 00:43:34','1978-05-01 00:52:34'),(187,2,49,51,1,0.5,27,'1978-05-01 00:43:34','1978-05-01 00:52:34'),(188,2,78,25,1,0.5,28,'1978-05-01 00:43:34','2017-05-26 17:51:14'),(189,2,82,40,2,0.0,29,'1978-05-01 00:43:34','1994-05-29 12:00:54'),(190,3,22,24,1,1.0,30,'1994-05-29 11:51:54','1994-05-29 12:09:54'),(191,3,72,29,3,1.0,31,'1994-05-29 11:51:54','1993-11-01 16:46:30'),(192,3,69,24,3,1.0,32,'1994-05-29 11:51:54','1993-11-01 16:46:30'),(193,3,97,49,2,0.5,33,'1994-05-29 11:51:54','1994-05-29 12:09:54'),(194,3,28,14,3,1.0,34,'1994-05-29 11:51:54','1993-11-01 16:46:30'),(195,3,49,58,1,0.5,35,'1994-05-29 11:51:54','1978-05-01 01:01:34'),(196,3,9,68,3,0.0,36,'1994-05-29 11:51:54','1978-05-01 01:01:34'),(197,3,48,53,1,0.0,37,'1994-05-29 11:51:54','1994-05-29 12:09:54'),(198,3,50,97,3,0.0,38,'1994-05-29 11:51:54','1994-05-29 12:09:54'),(199,3,81,12,3,0.5,39,'1994-05-29 11:51:54','1994-05-29 12:09:54'),(200,4,57,59,3,0.0,40,'1993-11-01 16:28:30','1978-05-01 01:10:34'),(201,1,38,48,1,0.5,1,'2017-05-26 17:42:14','2017-05-26 17:47:14'),(202,2,69,25,3,1.0,2,'1978-05-01 00:43:34','1978-05-01 00:52:34'),(203,3,58,54,1,0.0,3,'1994-05-29 11:51:54','2017-05-26 18:00:14'),(204,4,71,27,2,1.0,4,'1993-11-01 16:28:30','1994-05-29 12:18:54'),(205,5,96,4,2,0.0,5,'2010-02-03 19:51:12','1994-05-29 14:51:54'),(206,6,42,86,1,0.5,6,'1984-02-15 16:15:24','1994-05-29 12:09:54'),(207,7,65,9,3,1.0,7,'2006-09-18 11:54:35','1993-11-01 16:55:30'),(208,8,74,13,3,0.0,8,'1997-06-10 08:01:17','1978-05-01 00:52:34'),(209,9,20,10,1,1.0,9,'1985-06-20 03:18:46','1993-11-01 16:55:30'),(210,1,94,55,2,1.0,NULL,'2017-05-26 17:42:14','1994-05-29 11:56:54'),(211,1,53,90,2,1.0,11,'2017-05-26 17:42:14','1994-05-29 11:56:54'),(212,1,42,85,1,0.5,12,'2017-05-26 17:42:14','1994-05-29 11:56:54'),(213,1,86,65,3,1.0,13,'2017-05-26 17:42:14','1994-05-29 11:56:54'),(214,1,62,2,3,0.5,14,'2017-05-26 17:42:14','1994-05-29 11:56:54'),(215,1,55,14,3,1.0,15,'2017-05-26 17:42:14','1978-05-01 00:48:34'),(216,1,53,44,3,1.0,16,'2017-05-26 17:42:14','1994-05-29 11:56:54'),(217,1,38,79,3,0.0,17,'2017-05-26 17:42:14','1978-05-01 00:48:34'),(218,1,29,91,2,0.5,18,'2017-05-26 17:42:14','2017-05-26 17:47:14'),(219,1,38,57,3,0.5,19,'2017-05-26 17:42:14','2017-05-26 17:47:14'),(220,2,14,24,1,0.0,20,'1978-05-01 00:43:34','1978-05-01 00:52:34'),(221,2,92,98,2,0.0,21,'1978-05-01 00:43:34','2017-05-26 17:51:14'),(222,2,48,16,1,0.5,22,'1978-05-01 00:43:34','2017-05-26 17:51:14'),(223,2,12,56,2,0.0,23,'1978-05-01 00:43:34','2017-05-26 17:51:14'),(224,2,19,57,3,0.0,24,'1978-05-01 00:43:34','2017-05-26 17:51:14'),(225,2,55,92,3,1.0,25,'1978-05-01 00:43:34','1993-11-01 16:37:30'),(226,2,32,28,2,0.0,26,'1978-05-01 00:43:34','1978-05-01 00:52:34'),(227,2,63,53,1,0.5,27,'1978-05-01 00:43:34','2017-05-26 17:51:14'),(228,2,1,52,1,1.0,28,'1978-05-01 00:43:34','2017-05-26 17:51:14'),(229,2,37,64,2,0.5,29,'1978-05-01 00:43:34','1993-11-01 16:37:30'),(230,3,28,7,1,0.0,30,'1994-05-29 11:51:54','1993-11-01 16:46:30'),(231,3,69,84,3,0.0,31,'1994-05-29 11:51:54','1993-11-01 16:46:30'),(232,3,49,48,3,1.0,32,'1994-05-29 11:51:54','1994-05-29 12:09:54'),(233,3,97,60,2,1.0,33,'1994-05-29 11:51:54','1993-11-01 16:46:30'),(234,3,1,47,3,0.0,34,'1994-05-29 11:51:54','1994-05-29 12:09:54'),(235,3,61,58,1,0.0,35,'1994-05-29 11:51:54','1994-05-29 12:09:54'),(236,3,37,67,3,0.0,36,'1994-05-29 11:51:54','1993-11-01 16:46:30'),(237,3,17,16,1,0.0,37,'1994-05-29 11:51:54','1978-05-01 01:01:34'),(238,3,17,19,3,0.0,38,'1994-05-29 11:51:54','1978-05-01 01:01:34'),(239,3,83,21,3,0.0,39,'1994-05-29 11:51:54','1994-05-29 12:09:54'),(240,4,82,48,3,0.5,NULL,'1993-11-01 16:28:30','1994-05-29 12:18:54'),(241,1,7,31,1,0.5,1,'2017-05-26 17:42:14','1994-05-29 11:56:54'),(242,2,81,45,3,0.0,2,'1978-05-01 00:43:34','1994-05-29 12:00:54'),(243,3,66,46,1,1.0,3,'1994-05-29 11:51:54','2017-05-26 18:00:14'),(244,4,86,49,2,1.0,4,'1993-11-01 16:28:30','1993-11-01 16:55:30'),(245,5,63,74,2,0.5,5,'2010-02-03 19:51:12','1993-11-01 19:28:30'),(246,6,81,9,1,0.5,6,'1984-02-15 16:15:24','1994-05-29 12:09:54'),(247,7,43,2,3,1.0,7,'2006-09-18 11:54:35','1993-11-01 16:55:30'),(248,8,65,55,3,0.0,8,'1997-06-10 08:01:17','1993-11-01 16:55:30'),(249,9,13,94,1,0.0,9,'1985-06-20 03:18:46','1994-05-29 12:09:54'),(250,1,21,73,2,1.0,10,'2017-05-26 17:42:14','2017-05-26 17:47:14'),(251,1,39,64,2,0.5,11,'2017-05-26 17:42:14','1993-11-01 16:33:30'),(252,1,70,53,1,0.0,12,'2017-05-26 17:42:14','1993-11-01 16:33:30'),(253,1,29,86,3,1.0,13,'2017-05-26 17:42:14','2017-05-26 17:47:14'),(254,1,61,82,3,1.0,NULL,'2017-05-26 17:42:14','2017-05-26 17:47:14'),(255,1,45,60,3,1.0,15,'2017-05-26 17:42:14','1993-11-01 16:33:30'),(256,1,87,79,3,1.0,16,'2017-05-26 17:42:14','2017-05-26 17:47:14'),(257,1,8,28,3,0.0,17,'2017-05-26 17:42:14','2017-05-26 17:47:14'),(258,1,33,34,2,1.0,18,'2017-05-26 17:42:14','1993-11-01 16:33:30'),(259,1,10,56,3,0.0,19,'2017-05-26 17:42:14','1993-11-01 16:33:30'),(260,2,48,57,1,0.0,20,'1978-05-01 00:43:34','1993-11-01 16:37:30'),(261,2,31,5,2,1.0,21,'1978-05-01 00:43:34','1978-05-01 00:52:34'),(262,2,98,17,1,0.5,22,'1978-05-01 00:43:34','2017-05-26 17:51:14'),(263,2,27,41,2,0.5,23,'1978-05-01 00:43:34','1978-05-01 00:52:34'),(264,2,75,52,3,0.0,24,'1978-05-01 00:43:34','1994-05-29 12:00:54'),(265,2,52,88,3,0.0,25,'1978-05-01 00:43:34','1993-11-01 16:37:30'),(266,2,6,74,2,0.0,26,'1978-05-01 00:43:34','1994-05-29 12:00:54'),(267,2,28,82,1,0.0,27,'1978-05-01 00:43:34','1978-05-01 00:52:34'),(268,2,77,86,1,1.0,28,'1978-05-01 00:43:34','1993-11-01 16:37:30'),(269,2,85,41,2,0.5,29,'1978-05-01 00:43:34','1994-05-29 12:00:54'),(270,3,22,59,1,0.0,NULL,'1994-05-29 11:51:54','1978-05-01 01:01:34'),(271,3,7,18,3,0.0,31,'1994-05-29 11:51:54','1993-11-01 16:46:30'),(272,3,96,7,3,1.0,32,'1994-05-29 11:51:54','1978-05-01 01:01:34'),(273,3,57,6,2,0.5,33,'1994-05-29 11:51:54','2017-05-26 18:00:14'),(274,3,38,19,3,1.0,34,'1994-05-29 11:51:54','1978-05-01 01:01:34'),(275,3,35,19,1,0.0,35,'1994-05-29 11:51:54','1978-05-01 01:01:34'),(276,3,44,5,3,1.0,36,'1994-05-29 11:51:54','1978-05-01 01:01:34'),(277,3,76,23,1,0.5,37,'1994-05-29 11:51:54','1994-05-29 12:09:54'),(278,3,7,75,3,0.0,38,'1994-05-29 11:51:54','1978-05-01 01:01:34'),(279,3,78,95,3,1.0,39,'1994-05-29 11:51:54','1978-05-01 01:01:34'),(280,4,5,51,3,0.5,40,'1993-11-01 16:28:30','2017-05-26 18:09:14'),(281,1,32,44,1,0.0,1,'2017-05-26 17:42:14','1978-05-01 00:48:34'),(282,2,74,66,3,0.5,2,'1978-05-01 00:43:34','1994-05-29 12:00:54'),(283,3,26,61,1,1.0,3,'1994-05-29 11:51:54','1994-05-29 12:09:54'),(284,4,1,35,2,0.0,4,'1993-11-01 16:28:30','2017-05-26 18:09:14'),(285,5,8,41,2,1.0,5,'2010-02-03 19:51:12','1993-11-01 19:28:30'),(286,6,95,69,1,0.5,6,'1984-02-15 16:15:24','2017-05-26 17:47:14'),(287,7,14,56,3,0.5,7,'2006-09-18 11:54:35','1978-05-01 00:52:34'),(288,8,84,99,3,0.5,8,'1997-06-10 08:01:17','2017-05-26 17:47:14'),(289,9,20,55,1,0.0,9,'1985-06-20 03:18:46','1994-05-29 12:09:54'),(290,1,3,14,2,0.5,10,'2017-05-26 17:42:14','2017-05-26 17:47:14'),(291,1,83,4,2,0.0,11,'2017-05-26 17:42:14','1978-05-01 00:48:34'),(292,1,98,23,1,1.0,12,'2017-05-26 17:42:14','1978-05-01 00:48:34'),(293,1,55,50,3,0.5,13,'2017-05-26 17:42:14','1993-11-01 16:33:30'),(294,1,74,94,3,1.0,14,'2017-05-26 17:42:14','1994-05-29 11:56:54'),(295,1,43,61,3,0.0,15,'2017-05-26 17:42:14','1978-05-01 00:48:34'),(296,1,84,72,3,0.0,16,'2017-05-26 17:42:14','1978-05-01 00:48:34'),(297,1,3,86,3,0.0,17,'2017-05-26 17:42:14','2017-05-26 17:47:14'),(298,1,47,82,2,1.0,18,'2017-05-26 17:42:14','1994-05-29 11:56:54'),(299,1,58,26,3,0.0,19,'2017-05-26 17:42:14','1978-05-01 00:48:34'),(300,2,30,75,1,1.0,NULL,'1978-05-01 00:43:34','1978-05-01 00:52:34'),(301,2,4,54,2,1.0,21,'1978-05-01 00:43:34','1978-05-01 00:52:34'),(302,2,10,44,1,1.0,22,'1978-05-01 00:43:34','1994-05-29 12:00:54'),(303,2,10,3,2,1.0,23,'1978-05-01 00:43:34','2017-05-26 17:51:14'),(304,2,67,15,3,0.5,24,'1978-05-01 00:43:34','2017-05-26 17:51:14'),(305,2,43,46,3,0.5,25,'1978-05-01 00:43:34','1978-05-01 00:52:34'),(306,2,99,33,2,0.5,26,'1978-05-01 00:43:34','2017-05-26 17:51:14'),(307,2,17,10,1,0.5,27,'1978-05-01 00:43:34','1978-05-01 00:52:34'),(308,2,28,15,1,0.5,28,'1978-05-01 00:43:34','1994-05-29 12:00:54'),(309,2,81,33,2,0.0,29,'1978-05-01 00:43:34','1993-11-01 16:37:30'),(310,3,8,13,1,1.0,30,'1994-05-29 11:51:54','2017-05-26 18:00:14'),(311,3,57,55,3,1.0,31,'1994-05-29 11:51:54','1994-05-29 12:09:54'),(312,3,9,95,3,1.0,32,'1994-05-29 11:51:54','1993-11-01 16:46:30'),(313,3,100,94,2,0.0,33,'1994-05-29 11:51:54','1994-05-29 12:09:54'),(314,3,84,57,3,1.0,34,'1994-05-29 11:51:54','2017-05-26 18:00:14'),(315,3,86,21,1,1.0,35,'1994-05-29 11:51:54','1994-05-29 12:09:54'),(316,3,100,56,3,1.0,36,'1994-05-29 11:51:54','1993-11-01 16:46:30'),(317,3,38,61,1,0.0,37,'1994-05-29 11:51:54','1993-11-01 16:46:30'),(318,3,2,23,3,1.0,38,'1994-05-29 11:51:54','1993-11-01 16:46:30'),(319,3,14,55,3,1.0,39,'1994-05-29 11:51:54','1993-11-01 16:46:30'),(320,4,36,51,3,0.5,40,'1993-11-01 16:28:30','1978-05-01 01:10:34'),(321,1,65,100,1,0.0,1,'2017-05-26 17:42:14','1994-05-29 11:56:54'),(322,2,73,34,3,0.5,2,'1978-05-01 00:43:34','1978-05-01 00:52:34'),(323,3,60,40,1,0.0,3,'1994-05-29 11:51:54','2017-05-26 18:00:14'),(324,4,2,41,2,1.0,4,'1993-11-01 16:28:30','2017-05-26 18:09:14'),(325,5,30,5,2,1.0,5,'2010-02-03 19:51:12','1993-11-01 19:28:30'),(326,6,52,94,1,0.5,6,'1984-02-15 16:15:24','1978-05-01 00:52:34'),(327,7,34,100,3,0.0,7,'2006-09-18 11:54:35','1994-05-29 12:09:54'),(328,8,4,57,3,0.0,8,'1997-06-10 08:01:17','1994-05-29 12:09:54'),(329,9,17,12,1,1.0,9,'1985-06-20 03:18:46','1978-05-01 00:52:34'),(330,1,5,68,2,1.0,NULL,'2017-05-26 17:42:14','1994-05-29 11:56:54'),(331,1,79,62,2,0.5,11,'2017-05-26 17:42:14','1978-05-01 00:48:34'),(332,1,78,23,1,0.5,12,'2017-05-26 17:42:14','1978-05-01 00:48:34'),(333,1,1,55,3,0.0,13,'2017-05-26 17:42:14','1994-05-29 11:56:54'),(334,1,66,79,3,1.0,14,'2017-05-26 17:42:14','2017-05-26 17:47:14'),(335,1,41,2,3,0.5,15,'2017-05-26 17:42:14','1994-05-29 11:56:54'),(336,1,3,29,3,0.5,16,'2017-05-26 17:42:14','1994-05-29 11:56:54'),(337,1,85,86,3,1.0,17,'2017-05-26 17:42:14','1993-11-01 16:33:30'),(338,1,90,91,2,1.0,18,'2017-05-26 17:42:14','2017-05-26 17:47:14'),(339,1,2,23,3,0.5,19,'2017-05-26 17:42:14','1994-05-29 11:56:54'),(340,2,47,96,1,1.0,20,'1978-05-01 00:43:34','1993-11-01 16:37:30'),(341,2,43,69,2,0.0,21,'1978-05-01 00:43:34','1978-05-01 00:52:34'),(342,2,23,32,1,0.5,22,'1978-05-01 00:43:34','1994-05-29 12:00:54'),(343,2,65,10,2,1.0,23,'1978-05-01 00:43:34','1993-11-01 16:37:30'),(344,2,75,99,3,0.5,24,'1978-05-01 00:43:34','1978-05-01 00:52:34'),(345,2,10,3,3,0.0,25,'1978-05-01 00:43:34','1978-05-01 00:52:34'),(346,2,96,20,2,0.5,26,'1978-05-01 00:43:34','2017-05-26 17:51:14'),(347,2,19,21,1,0.0,27,'1978-05-01 00:43:34','1993-11-01 16:37:30'),(348,2,63,24,1,0.5,NULL,'1978-05-01 00:43:34','2017-05-26 17:51:14'),(349,2,36,79,2,1.0,29,'1978-05-01 00:43:34','1993-11-01 16:37:30'),(350,3,23,77,1,1.0,30,'1994-05-29 11:51:54','1978-05-01 01:01:34'),(351,3,23,76,3,0.0,31,'1994-05-29 11:51:54','1978-05-01 01:01:34'),(352,3,21,6,3,0.5,32,'1994-05-29 11:51:54','1993-11-01 16:46:30'),(353,3,41,69,2,0.0,33,'1994-05-29 11:51:54','1978-05-01 01:01:34'),(354,3,14,27,3,0.5,34,'1994-05-29 11:51:54','1993-11-01 16:46:30'),(355,3,40,2,1,0.0,35,'1994-05-29 11:51:54','1994-05-29 12:09:54'),(356,3,82,69,3,0.0,36,'1994-05-29 11:51:54','1994-05-29 12:09:54'),(357,3,25,24,1,1.0,37,'1994-05-29 11:51:54','1993-11-01 16:46:30'),(358,3,1,100,3,1.0,38,'1994-05-29 11:51:54','1994-05-29 12:09:54'),(359,3,12,5,3,1.0,39,'1994-05-29 11:51:54','1993-11-01 16:46:30'),(360,4,63,59,3,0.0,NULL,'1993-11-01 16:28:30','1994-05-29 12:18:54'),(361,1,20,12,1,0.0,1,'2017-05-26 17:42:14','1994-05-29 11:56:54'),(362,2,92,79,3,1.0,2,'1978-05-01 00:43:34','1994-05-29 12:00:54'),(363,3,32,87,1,1.0,3,'1994-05-29 11:51:54','1994-05-29 12:09:54'),(364,4,63,8,2,0.0,4,'1993-11-01 16:28:30','1994-05-29 12:18:54'),(365,5,7,2,2,0.0,5,'2010-02-03 19:51:12','1993-11-01 19:28:30'),(366,6,37,56,1,1.0,6,'1984-02-15 16:15:24','2017-05-26 17:47:14'),(367,7,58,22,3,0.5,7,'2006-09-18 11:54:35','2017-05-26 17:47:14'),(368,8,5,67,3,0.0,8,'1997-06-10 08:01:17','2017-05-26 17:47:14'),(369,9,8,45,1,0.5,9,'1985-06-20 03:18:46','1978-05-01 00:52:34'),(370,1,51,52,2,0.5,10,'2017-05-26 17:42:14','2017-05-26 17:47:14'),(371,1,38,83,2,0.0,11,'2017-05-26 17:42:14','1993-11-01 16:33:30'),(372,1,64,56,1,0.5,12,'2017-05-26 17:42:14','1994-05-29 11:56:54'),(373,1,42,91,3,0.5,13,'2017-05-26 17:42:14','1993-11-01 16:33:30'),(374,1,52,16,3,0.5,14,'2017-05-26 17:42:14','1978-05-01 00:48:34'),(375,1,51,26,3,0.0,15,'2017-05-26 17:42:14','1978-05-01 00:48:34'),(376,1,58,35,3,0.5,16,'2017-05-26 17:42:14','2017-05-26 17:47:14'),(377,1,93,31,3,0.5,17,'2017-05-26 17:42:14','2017-05-26 17:47:14'),(378,1,10,97,2,0.5,18,'2017-05-26 17:42:14','2017-05-26 17:47:14'),(379,1,60,99,3,1.0,19,'2017-05-26 17:42:14','1993-11-01 16:33:30'),(380,2,96,89,1,1.0,20,'1978-05-01 00:43:34','1978-05-01 00:52:34'),(381,2,71,67,2,0.5,21,'1978-05-01 00:43:34','1993-11-01 16:37:30'),(382,2,80,10,1,0.5,22,'1978-05-01 00:43:34','1994-05-29 12:00:54'),(383,2,82,51,2,0.5,23,'1978-05-01 00:43:34','2017-05-26 17:51:14'),(384,2,5,55,3,0.5,24,'1978-05-01 00:43:34','1993-11-01 16:37:30'),(385,2,64,92,3,0.5,25,'1978-05-01 00:43:34','1978-05-01 00:52:34'),(386,2,73,91,2,0.5,26,'1978-05-01 00:43:34','1978-05-01 00:52:34'),(387,2,3,30,1,1.0,27,'1978-05-01 00:43:34','1978-05-01 00:52:34'),(388,2,81,24,1,0.0,28,'1978-05-01 00:43:34','1994-05-29 12:00:54'),(389,2,49,2,2,0.5,29,'1978-05-01 00:43:34','1994-05-29 12:00:54'),(390,3,3,29,1,1.0,NULL,'1994-05-29 11:51:54','2017-05-26 18:00:14'),(391,3,84,83,3,1.0,31,'1994-05-29 11:51:54','1994-05-29 12:09:54'),(392,3,98,54,3,0.5,32,'1994-05-29 11:51:54','1994-05-29 12:09:54'),(393,3,50,90,2,1.0,33,'1994-05-29 11:51:54','2017-05-26 18:00:14'),(394,3,92,39,3,0.5,34,'1994-05-29 11:51:54','1993-11-01 16:46:30'),(395,3,31,56,1,0.5,35,'1994-05-29 11:51:54','1993-11-01 16:46:30'),(396,3,12,7,3,0.5,36,'1994-05-29 11:51:54','2017-05-26 18:00:14'),(397,3,88,12,1,0.0,37,'1994-05-29 11:51:54','1978-05-01 01:01:34'),(398,3,59,56,3,0.0,38,'1994-05-29 11:51:54','1978-05-01 01:01:34'),(399,3,93,70,3,0.0,39,'1994-05-29 11:51:54','1993-11-01 16:46:30'),(400,4,58,46,3,0.5,40,'1993-11-01 16:28:30','2017-05-26 18:09:14'),(401,1,11,28,1,1.0,1,'2017-05-26 17:42:14','1994-05-29 11:56:54'),(402,2,9,90,3,1.0,2,'1978-05-01 00:43:34','1994-05-29 12:00:54'),(403,3,32,29,1,0.0,3,'1994-05-29 11:51:54','1993-11-01 16:46:30'),(404,4,2,82,2,1.0,4,'1993-11-01 16:28:30','1978-05-01 01:10:34'),(405,5,3,58,2,1.0,5,'2010-02-03 19:51:12','2017-05-26 20:42:14'),(406,6,89,35,1,0.5,6,'1984-02-15 16:15:24','1978-05-01 00:52:34'),(407,7,33,6,3,1.0,7,'2006-09-18 11:54:35','2017-05-26 17:47:14'),(408,8,45,40,3,1.0,8,'1997-06-10 08:01:17','1978-05-01 00:52:34'),(409,9,11,54,1,0.0,9,'1985-06-20 03:18:46','2017-05-26 17:47:14'),(410,1,15,33,2,0.0,10,'2017-05-26 17:42:14','1978-05-01 00:48:34'),(411,1,46,14,2,0.0,11,'2017-05-26 17:42:14','1978-05-01 00:48:34'),(412,1,86,61,1,0.5,12,'2017-05-26 17:42:14','1994-05-29 11:56:54'),(413,1,78,74,3,1.0,13,'2017-05-26 17:42:14','2017-05-26 17:47:14'),(414,1,61,55,3,0.0,14,'2017-05-26 17:42:14','2017-05-26 17:47:14'),(415,1,61,81,3,1.0,15,'2017-05-26 17:42:14','1994-05-29 11:56:54'),(416,1,43,28,3,1.0,16,'2017-05-26 17:42:14','1993-11-01 16:33:30'),(417,1,7,89,3,1.0,17,'2017-05-26 17:42:14','1993-11-01 16:33:30'),(418,1,48,28,2,0.0,18,'2017-05-26 17:42:14','2017-05-26 17:47:14'),(419,1,34,77,3,0.5,19,'2017-05-26 17:42:14','1978-05-01 00:48:34'),(420,2,40,26,1,1.0,NULL,'1978-05-01 00:43:34','2017-05-26 17:51:14'),(421,2,51,100,2,0.0,21,'1978-05-01 00:43:34','2017-05-26 17:51:14'),(422,2,81,5,1,0.0,22,'1978-05-01 00:43:34','1993-11-01 16:37:30'),(423,2,68,79,2,1.0,23,'1978-05-01 00:43:34','2017-05-26 17:51:14'),(424,2,24,12,3,0.5,24,'1978-05-01 00:43:34','1993-11-01 16:37:30'),(425,2,8,29,3,0.0,25,'1978-05-01 00:43:34','1993-11-01 16:37:30'),(426,2,41,68,2,0.0,26,'1978-05-01 00:43:34','1994-05-29 12:00:54'),(427,2,93,11,1,0.5,27,'1978-05-01 00:43:34','1993-11-01 16:37:30'),(428,2,98,49,1,0.0,28,'1978-05-01 00:43:34','1994-05-29 12:00:54'),(429,2,46,23,2,1.0,29,'1978-05-01 00:43:34','2017-05-26 17:51:14'),(430,3,8,56,1,0.0,30,'1994-05-29 11:51:54','1993-11-01 16:46:30'),(431,3,38,67,3,0.5,31,'1994-05-29 11:51:54','2017-05-26 18:00:14'),(432,3,57,35,3,1.0,32,'1994-05-29 11:51:54','2017-05-26 18:00:14'),(433,3,47,77,2,0.5,33,'1994-05-29 11:51:54','1978-05-01 01:01:34'),(434,3,48,13,3,0.0,34,'1994-05-29 11:51:54','1993-11-01 16:46:30'),(435,3,43,24,1,0.5,35,'1994-05-29 11:51:54','1994-05-29 12:09:54'),(436,3,11,26,3,0.5,36,'1994-05-29 11:51:54','2017-05-26 18:00:14'),(437,3,13,95,1,1.0,37,'1994-05-29 11:51:54','1978-05-01 01:01:34'),(438,3,49,2,3,0.5,38,'1994-05-29 11:51:54','1993-11-01 16:46:30'),(439,3,20,47,3,0.5,39,'1994-05-29 11:51:54','1978-05-01 01:01:34'),(440,4,85,89,3,1.0,40,'1993-11-01 16:28:30','1993-11-01 16:55:30'),(441,1,38,42,1,0.0,1,'2017-05-26 17:42:14','1994-05-29 11:56:54'),(442,2,41,6,3,0.0,2,'1978-05-01 00:43:34','1994-05-29 12:00:54'),(443,3,31,82,1,0.5,3,'1994-05-29 11:51:54','1994-05-29 12:09:54'),(444,4,3,75,2,0.0,4,'1993-11-01 16:28:30','1994-05-29 12:18:54'),(445,5,20,34,2,0.0,5,'2010-02-03 19:51:12','1994-05-29 14:51:54'),(446,6,47,69,1,0.5,6,'1984-02-15 16:15:24','1993-11-01 16:55:30'),(447,7,67,42,3,1.0,7,'2006-09-18 11:54:35','1993-11-01 16:55:30'),(448,8,81,37,3,1.0,8,'1997-06-10 08:01:17','1978-05-01 00:52:34'),(449,9,38,75,1,0.5,9,'1985-06-20 03:18:46','1978-05-01 00:52:34'),(450,1,87,8,2,1.0,NULL,'2017-05-26 17:42:14','1978-05-01 00:48:34'),(451,1,50,66,2,0.5,11,'2017-05-26 17:42:14','2017-05-26 17:47:14'),(452,1,54,65,1,1.0,12,'2017-05-26 17:42:14','2017-05-26 17:47:14'),(453,1,29,4,3,1.0,13,'2017-05-26 17:42:14','1994-05-29 11:56:54'),(454,1,28,53,3,1.0,14,'2017-05-26 17:42:14','1994-05-29 11:56:54'),(455,1,51,69,3,0.5,15,'2017-05-26 17:42:14','1978-05-01 00:48:34'),(456,1,78,55,3,0.0,16,'2017-05-26 17:42:14','2017-05-26 17:47:14'),(457,1,64,45,3,0.0,17,'2017-05-26 17:42:14','1993-11-01 16:33:30'),(458,1,6,34,2,0.0,18,'2017-05-26 17:42:14','1993-11-01 16:33:30'),(459,1,64,82,3,1.0,19,'2017-05-26 17:42:14','2017-05-26 17:47:14'),(460,2,63,87,1,1.0,20,'1978-05-01 00:43:34','1993-11-01 16:37:30'),(461,2,87,34,2,0.5,21,'1978-05-01 00:43:34','1994-05-29 12:00:54'),(462,2,22,74,1,0.5,22,'1978-05-01 00:43:34','2017-05-26 17:51:14'),(463,2,96,74,2,0.5,23,'1978-05-01 00:43:34','1993-11-01 16:37:30'),(464,2,58,59,3,0.5,24,'1978-05-01 00:43:34','2017-05-26 17:51:14'),(465,2,82,24,3,1.0,25,'1978-05-01 00:43:34','1978-05-01 00:52:34'),(466,2,88,71,2,0.5,26,'1978-05-01 00:43:34','2017-05-26 17:51:14'),(467,2,78,14,1,0.5,27,'1978-05-01 00:43:34','2017-05-26 17:51:14'),(468,2,11,18,1,1.0,28,'1978-05-01 00:43:34','1978-05-01 00:52:34'),(469,2,84,57,2,1.0,29,'1978-05-01 00:43:34','1993-11-01 16:37:30'),(470,3,16,72,1,0.0,30,'1994-05-29 11:51:54','2017-05-26 18:00:14'),(471,3,76,10,3,0.5,31,'1994-05-29 11:51:54','2017-05-26 18:00:14'),(472,3,77,32,3,1.0,32,'1994-05-29 11:51:54','2017-05-26 18:00:14'),(473,3,64,79,2,0.5,33,'1994-05-29 11:51:54','1993-11-01 16:46:30'),(474,3,28,67,3,0.0,34,'1994-05-29 11:51:54','2017-05-26 18:00:14'),(475,3,14,28,1,1.0,35,'1994-05-29 11:51:54','1993-11-01 16:46:30'),(476,3,94,45,3,1.0,36,'1994-05-29 11:51:54','1978-05-01 01:01:34'),(477,3,35,20,1,0.5,37,'1994-05-29 11:51:54','2017-05-26 18:00:14'),(478,3,29,83,3,0.0,38,'1994-05-29 11:51:54','2017-05-26 18:00:14'),(479,3,92,8,3,0.0,39,'1994-05-29 11:51:54','1994-05-29 12:09:54'),(480,4,66,57,3,0.5,NULL,'1993-11-01 16:28:30','1994-05-29 12:18:54'),(481,1,81,32,1,1.0,1,'2017-05-26 17:42:14','1994-05-29 11:56:54'),(482,2,60,81,3,0.5,2,'1978-05-01 00:43:34','1993-11-01 16:37:30'),(483,3,53,18,1,1.0,3,'1994-05-29 11:51:54','2017-05-26 18:00:14'),(484,4,67,1,2,0.5,4,'1993-11-01 16:28:30','2017-05-26 18:09:14'),(485,5,48,35,2,0.5,5,'2010-02-03 19:51:12','2017-05-26 20:42:14'),(486,6,46,21,1,1.0,6,'1984-02-15 16:15:24','1994-05-29 12:09:54'),(487,7,30,79,3,0.0,7,'2006-09-18 11:54:35','1993-11-01 16:55:30'),(488,8,38,87,3,0.5,8,'1997-06-10 08:01:17','1978-05-01 00:52:34'),(489,9,2,9,1,0.0,9,'1985-06-20 03:18:46','1978-05-01 00:52:34'),(490,1,21,20,2,1.0,10,'2017-05-26 17:42:14','1978-05-01 00:48:34'),(491,1,48,72,2,0.5,11,'2017-05-26 17:42:14','1993-11-01 16:33:30'),(492,1,39,100,1,0.5,12,'2017-05-26 17:42:14','2017-05-26 17:47:14'),(493,1,38,98,3,1.0,13,'2017-05-26 17:42:14','1993-11-01 16:33:30'),(494,1,30,49,3,0.5,14,'2017-05-26 17:42:14','2017-05-26 17:47:14'),(495,1,4,65,3,0.0,15,'2017-05-26 17:42:14','1993-11-01 16:33:30'),(496,1,65,5,3,0.0,16,'2017-05-26 17:42:14','1993-11-01 16:33:30'),(497,1,84,76,3,1.0,17,'2017-05-26 17:42:14','2017-05-26 17:47:14'),(498,1,76,96,2,0.5,18,'2017-05-26 17:42:14','2017-05-26 17:47:14'),(499,1,75,30,3,0.0,19,'2017-05-26 17:42:14','1994-05-29 11:56:54'),(500,2,29,74,1,1.0,20,'1978-05-01 00:43:34','2017-05-26 17:51:14');
/*!40000 ALTER TABLE `games` ENABLE KEYS */;
UNLOCK TABLES;

--
-- Table structure for table `languages`
--

DROP TABLE IF EXISTS `languages`;
/*!40101 SET @saved_cs_client     = @@character_set_client */;
/*!50503 SET character_set_client = utf8mb4 */;
CREATE TABLE `languages` (
  `id` int(11) NOT NULL AUTO_INCREMENT,
  `name` varchar(256) CHARACTER SET utf8 COLLATE utf8_unicode_ci DEFAULT NULL,
  PRIMARY KEY (`id`)
) ENGINE=InnoDB AUTO_INCREMENT=8 DEFAULT CHARSET=utf8 COLLATE=utf8_unicode_ci;
/*!40101 SET character_set_client = @saved_cs_client */;

--
-- Dumping data for table `languages`
--

LOCK TABLES `languages` WRITE;
/*!40000 ALTER TABLE `languages` DISABLE KEYS */;
INSERT INTO `languages` VALUES (1,'English'),(2,'French'),(3,'German'),(4,'Russian'),(5,'Spain'),(6,'Chinese'),(7,'Italian');
/*!40000 ALTER TABLE `languages` ENABLE KEYS */;
UNLOCK TABLES;

--
-- Table structure for table `messages`
--

DROP TABLE IF EXISTS `messages`;
/*!40101 SET @saved_cs_client     = @@character_set_client */;
/*!50503 SET character_set_client = utf8mb4 */;
CREATE TABLE `messages` (
  `id` int(11) NOT NULL AUTO_INCREMENT,
  `from_user_id` int(11) DEFAULT NULL,
  `to_user_id` int(11) DEFAULT NULL,
  `body` mediumtext CHARACTER SET utf8 COLLATE utf8_unicode_ci,
  `created_at` timestamp NOT NULL DEFAULT CURRENT_TIMESTAMP,
  PRIMARY KEY (`id`),
  KEY `messages_from_user_id_fk` (`from_user_id`),
  KEY `messages_to_user_id_fk` (`to_user_id`),
  CONSTRAINT `messages_from_user_id_fk` FOREIGN KEY (`from_user_id`) REFERENCES `users` (`id`),
  CONSTRAINT `messages_to_user_id_fk` FOREIGN KEY (`to_user_id`) REFERENCES `users` (`id`)
) ENGINE=InnoDB AUTO_INCREMENT=51 DEFAULT CHARSET=utf8 COLLATE=utf8_unicode_ci;
/*!40101 SET character_set_client = @saved_cs_client */;

--
-- Dumping data for table `messages`
--

LOCK TABLES `messages` WRITE;
/*!40000 ALTER TABLE `messages` DISABLE KEYS */;
INSERT INTO `messages` VALUES (1,81,56,'Praesentium vero quis veritatis quis temporibus. Autem suscipit tempora velit consequatur est aut.','1996-10-03 15:23:54'),(2,59,14,'Dolores neque optio rerum voluptatem enim est. Nisi ea ut non fugit. Explicabo assumenda ipsa iure sit dolore et autem. Et cumque consequuntur sit accusantium illo. Minus laboriosam numquam dolores vitae beatae.','2014-02-03 09:14:05'),(3,92,4,'Sint sequi blanditiis vero consequatur vel ad consequatur. Eius sunt sed a est voluptatem. Nulla quo magnam repellendus id ullam et.','1992-06-13 19:45:03'),(4,60,28,'Eos dolores dolor rerum esse cumque. Et odio perferendis voluptates doloribus. Qui quibusdam doloremque perferendis earum magnam nobis nesciunt.','1988-09-16 17:16:53'),(5,25,88,'Et voluptatibus odit nisi cumque ipsam. Earum distinctio voluptatem totam enim. Omnis voluptas consequatur suscipit magni quidem. Soluta voluptatem sed dolorum quisquam odio eligendi explicabo. Eius dolorum laudantium illo itaque nulla.','2014-05-20 09:26:57'),(6,59,4,'Repellat fugit at provident est possimus aspernatur. Repellendus qui sunt magni ipsum consectetur.','1982-10-09 05:23:44'),(7,9,62,'At qui aut consectetur culpa recusandae provident odio. Cumque aliquid iusto quia eius tenetur molestiae iusto. Dicta excepturi temporibus vitae voluptate laborum quo voluptas dolore.','2011-11-06 13:42:19'),(8,17,88,'Sit odio voluptas commodi libero mollitia aut enim dignissimos. Ratione eos velit aut necessitatibus id repellat. Eum eos assumenda incidunt aut. Veniam sit aliquam architecto ut cupiditate sapiente et. Nam est ab consequuntur amet.','2007-11-28 22:57:15'),(9,42,76,'Aut exercitationem ut nihil. Excepturi est dolorem quas aut et debitis.','2002-01-02 00:43:52'),(10,67,100,'Distinctio voluptatum sapiente sed possimus odio. Officiis velit exercitationem in omnis voluptates. Error qui vel alias unde enim velit.','1983-12-15 01:29:11'),(11,75,28,'Aut est aut eaque atque eaque aliquam. Praesentium voluptates est tempora. Pariatur voluptate cupiditate eos id vel quae. Praesentium sint similique sit ipsam nemo. Et harum magni quod id velit nihil.','1984-09-02 21:44:53'),(12,85,35,'Qui ipsa iusto nulla eveniet et magnam. Autem rerum dolor quis similique. Ullam facere numquam nobis aut repellat libero qui.','2013-12-02 12:15:56'),(13,97,42,'Ut quia eligendi ipsam et consequatur labore. Optio aut aut impedit. Qui nihil alias ut unde.','2016-01-27 04:13:15'),(14,63,13,'Et dolor iusto corporis laboriosam molestiae eos. Odit dolorum et excepturi nihil rem enim.','2010-06-16 04:30:22'),(15,34,43,'Cupiditate tempora quas autem aspernatur sapiente accusamus. Neque qui natus quas voluptate non. Quae ut hic totam at quaerat. Dolor consequuntur recusandae nisi vero. Est quia numquam assumenda nemo.','2009-08-09 17:09:50'),(16,47,75,'Eveniet autem quos quod ea quae cum sed. Hic quia nostrum impedit aut quis. Sunt eos minus placeat fuga dolore beatae corrupti nobis.','1979-12-15 18:25:02'),(17,13,58,'Rerum quia voluptatum repudiandae quia id quasi. Quia tenetur eum soluta est quod. Et vel aut quam est perferendis voluptatibus.','1992-07-14 18:28:13'),(18,92,54,'Est dolorem mollitia amet quod non. Et quos minus ipsam cupiditate sequi qui eius porro. Qui labore deserunt eum veniam et.','2010-03-06 03:32:50'),(19,22,8,'Et perferendis odit animi. Ipsum sed corporis perferendis accusantium omnis inventore. Ducimus ut quo velit velit maiores impedit. Unde quia incidunt a dolor assumenda neque.','2013-08-25 16:28:44'),(20,47,12,'Saepe quam iste aut asperiores temporibus aut. Qui voluptatum quae rerum. In nam sit aliquam aspernatur voluptatum quos eveniet saepe.','1977-06-12 15:15:20'),(21,53,84,'Enim facilis rerum autem ea. Aut eveniet iusto et quo velit amet eos qui. Amet consequatur rem odio unde natus aut. Qui consectetur nam rerum esse quis esse libero officia.','1976-09-03 20:53:08'),(22,61,90,'Ipsa eius dolorem repellendus possimus. Omnis quis dolores doloribus veritatis at et eligendi. Voluptatem aspernatur quia consequatur libero quos excepturi et hic.','2007-01-10 17:20:45'),(23,96,74,'Eum nam reprehenderit molestias ut eum. Deserunt et nam ut quis dolore distinctio qui. Iste atque id maiores tempora perferendis expedita. Aut ipsa nihil suscipit ducimus incidunt nemo.','2014-02-27 01:30:13'),(24,13,36,'Quae ea aut est possimus doloribus laboriosam. Pariatur ipsam sit minima corporis expedita et iusto eum. Qui rerum in autem magni laudantium vitae omnis. Tenetur facere dolorem unde perferendis qui id et neque.','1989-12-18 03:20:30'),(25,78,33,'Et expedita quia illo et. Illum reprehenderit cupiditate ullam et similique. Nobis assumenda minus explicabo. Fugit molestiae sit saepe vero dolores veritatis est. Velit molestiae veniam voluptatem atque dolore.','2012-01-20 19:56:49'),(26,5,97,'Ducimus dolorem eveniet assumenda aut ut officiis. Dolores id maxime quae molestiae eveniet. Voluptas deserunt iste alias et voluptatem qui.','2014-10-22 13:01:44'),(27,7,23,'Voluptatem ut a unde et iure et officiis fugiat. Et ratione sequi amet recusandae illum. Non enim aperiam aut eveniet similique omnis temporibus. Voluptatem soluta et consequuntur earum non ipsum.','2014-07-31 22:40:47'),(28,10,40,'Laudantium enim libero et animi et qui suscipit molestiae. Officiis pariatur adipisci modi eum soluta. Delectus modi molestiae quia iste.','1970-11-19 10:24:19'),(29,73,10,'Dolorem impedit enim mollitia quibusdam iusto ullam. Porro fuga ex voluptatibus quis ratione repellat. Dolorem quidem unde explicabo iste doloremque. Culpa hic et velit nesciunt dolor voluptas neque.','1973-08-01 15:42:58'),(30,97,68,'Quasi id sed placeat omnis deserunt. Deleniti tenetur atque eum minus qui ipsum quis. Reprehenderit et consectetur aspernatur et aut.','1982-11-10 02:32:11'),(31,31,59,'Et enim vel velit aspernatur quibusdam. Atque repellat est et optio quis quisquam quae ut.','1991-01-03 14:37:55'),(32,31,89,'Expedita similique temporibus occaecati qui qui consequatur quas. Ut officiis sint saepe minima. Enim ducimus nesciunt cum minima qui hic esse illum.','2005-02-17 18:43:11'),(33,35,22,'Eos perspiciatis dolores non sunt. Ad aspernatur esse modi quo. Nulla aliquam nesciunt molestias aspernatur. Occaecati dolores vel maxime.','2015-12-18 09:12:17'),(34,18,28,'Magni eligendi expedita rerum voluptatem. Est distinctio voluptate impedit sint. Ut iusto provident fugiat quia esse pariatur velit. Cumque velit natus sequi aut quibusdam reiciendis.','2013-11-16 09:48:21'),(35,16,81,'Unde amet reiciendis quia velit. Quis dolores quia atque numquam et. Dolor dolores rerum repellendus aut aut consequatur consequatur et. Atque est at consequatur incidunt velit illum.','2000-05-18 10:03:01'),(36,29,15,'Iure voluptas voluptate commodi occaecati sequi odit molestiae. Temporibus aut aut ab dicta blanditiis. Voluptatem sed laudantium nam molestias voluptates id soluta. Aut deserunt in porro excepturi cupiditate sint placeat.','1984-01-03 12:29:13'),(37,8,29,'Voluptas vel quae eum ex molestiae odit facere. A porro dolores qui in. Repudiandae dolor non illo. Est iste incidunt veniam autem eum non dolor velit.','1992-03-22 15:13:22'),(38,89,65,'Quo aliquam adipisci et excepturi exercitationem odit ut incidunt. Dolorum dolorem laboriosam eligendi.','1979-05-27 01:04:59'),(39,99,60,'Architecto eum et adipisci voluptate. Non minus dolorem dolorem atque mollitia aut voluptatem commodi. Soluta praesentium nulla earum doloremque nam tempora.','1992-08-24 15:26:30'),(40,93,42,'Officiis repudiandae reprehenderit nihil. Iure praesentium molestiae veritatis vel et quas ut. A qui vero similique in commodi. Est ipsum dignissimos a placeat laboriosam.','1971-07-30 07:21:59'),(41,46,31,'Distinctio voluptatum excepturi ea maxime doloribus. Omnis recusandae quos consectetur quia illum sit unde. Veniam aut deserunt cum eos sit voluptate.','1982-02-20 00:52:57'),(42,82,74,'Quis eum labore ullam totam. Consequatur sed atque expedita rerum. Velit error sunt consequatur dolor. Libero sint accusamus dolor est ut velit.','1984-02-15 10:43:22'),(43,100,44,'Dolor aut est quis adipisci. Omnis aut dicta dolor occaecati aut dignissimos beatae. Debitis assumenda tempora quia qui. Minus at aut debitis et modi atque.','2007-06-18 16:54:27'),(44,6,64,'Vel quia ipsa quo odio ipsum occaecati. Voluptatibus sit nesciunt voluptatem quisquam accusamus excepturi aperiam. Quae vel quo voluptates reprehenderit qui.','2008-09-18 22:04:34'),(45,89,74,'Deserunt nostrum sed dolorem adipisci molestiae molestiae. Amet doloribus aspernatur aut voluptatem et magnam tempora. Enim est nemo aperiam quo aspernatur.','1991-06-09 03:01:04'),(46,43,22,'Totam vel quam commodi eum. Cupiditate aperiam vel ipsa enim illo rem. Maiores aliquam vel ea voluptates recusandae molestias. Officiis quas et commodi sit dolores facilis qui.','1971-12-16 16:42:25'),(47,99,82,'Sed voluptatem fuga occaecati ea. Accusamus dolores ea qui. Inventore illo asperiores atque nostrum doloremque vitae totam. Ut accusamus consequuntur optio ratione eum.','1985-05-26 02:44:28'),(48,58,16,'Non et exercitationem eligendi at ut. Quos nulla culpa et. Non hic enim consequatur sed atque soluta et.','1973-09-16 10:11:14'),(49,26,17,'Molestiae impedit alias porro enim repellendus eum. Eius eum sunt ea reprehenderit et. Sunt ratione quia dolores et.','1990-10-28 23:53:43'),(50,21,82,'Dolorem corrupti nulla similique voluptatum et. Suscipit dolore cum non repudiandae enim aut. Rerum veniam sunt dolores est. Autem ipsam sed deserunt in.','1990-01-16 22:51:34');
/*!40000 ALTER TABLE `messages` ENABLE KEYS */;
UNLOCK TABLES;

--
-- Table structure for table `moves`
--

DROP TABLE IF EXISTS `moves`;
/*!40101 SET @saved_cs_client     = @@character_set_client */;
/*!50503 SET character_set_client = utf8mb4 */;
CREATE TABLE `moves` (
  `game_id` int(11) NOT NULL,
  `move_number` int(11) DEFAULT NULL,
  `user_id` int(11) NOT NULL,
  `figure_id` int(11) DEFAULT NULL,
  `field` int(11) DEFAULT NULL,
  KEY `moves_user_id_fk` (`user_id`),
  KEY `moves_figure_id_fk` (`figure_id`),
  KEY `moves_game_id_fk` (`game_id`),
  KEY `moves_game_id_user_id_move_number_idx` (`game_id`,`user_id`,`move_number`),
  CONSTRAINT `moves_figure_id_fk` FOREIGN KEY (`figure_id`) REFERENCES `figures` (`id`),
  CONSTRAINT `moves_game_id_fk` FOREIGN KEY (`game_id`) REFERENCES `games` (`id`),
  CONSTRAINT `moves_user_id_fk` FOREIGN KEY (`user_id`) REFERENCES `users` (`id`)
) ENGINE=InnoDB DEFAULT CHARSET=utf8 COLLATE=utf8_unicode_ci;
/*!40101 SET character_set_client = @saved_cs_client */;

--
-- Dumping data for table `moves`
--

LOCK TABLES `moves` WRITE;
/*!40000 ALTER TABLE `moves` DISABLE KEYS */;
/*!40000 ALTER TABLE `moves` ENABLE KEYS */;
UNLOCK TABLES;

--
-- Temporary view structure for view `open_clubs`
--

DROP TABLE IF EXISTS `open_clubs`;
/*!50001 DROP VIEW IF EXISTS `open_clubs`*/;
SET @saved_cs_client     = @@character_set_client;
/*!50503 SET character_set_client = utf8mb4 */;
/*!50001 CREATE VIEW `open_clubs` AS SELECT 
 1 AS `id`,
 1 AS `name`,
 1 AS `amount_of_members`*/;
SET character_set_client = @saved_cs_client;

--
-- Table structure for table `profile`
--

DROP TABLE IF EXISTS `profile`;
/*!40101 SET @saved_cs_client     = @@character_set_client */;
/*!50503 SET character_set_client = utf8mb4 */;
CREATE TABLE `profile` (
  `user_id` int(11) NOT NULL,
  `country` varchar(256) CHARACTER SET utf8 COLLATE utf8_unicode_ci DEFAULT NULL,
  `location` varchar(256) CHARACTER SET utf8 COLLATE utf8_unicode_ci DEFAULT NULL,
  `user_rating` int(11) DEFAULT NULL,
  `email` varchar(256) CHARACTER SET utf8 COLLATE utf8_unicode_ci NOT NULL,
  `created_at` datetime DEFAULT CURRENT_TIMESTAMP,
  PRIMARY KEY (`user_id`),
  UNIQUE KEY `email` (`email`),
  CONSTRAINT `profile_white_fk` FOREIGN KEY (`user_id`) REFERENCES `users` (`id`)
) ENGINE=InnoDB DEFAULT CHARSET=utf8 COLLATE=utf8_unicode_ci;
/*!40101 SET character_set_client = @saved_cs_client */;

--
-- Dumping data for table `profile`
--

LOCK TABLES `profile` WRITE;
/*!40000 ALTER TABLE `profile` DISABLE KEYS */;
INSERT INTO `profile` VALUES (1,'Greenland','70728 Mallory Hills\nKulasside, LA 38106-9634',3480,'wwalsh@example.org','1976-10-06 15:03:49'),(2,'Denmark','909 Billy Grove\nBlandamouth, CO 11130-0521',2323,'ypurdy@example.com','2005-11-04 13:37:39'),(3,'Mali','035 Cummerata Springs\nWindlerland, NJ 39479-1849',3979,'agrimes@example.com','1981-12-31 03:00:33'),(4,'Solomon Islands','6073 Wisoky Green Apt. 411\nLake Waynebury, CA 85811',1244,'uwilkinson@example.org','1997-04-10 07:40:44'),(5,'Slovenia','7297 Kunde Neck Apt. 324\nSouth Marguerite, WA 98856',3354,'arvilla16@example.net','2015-05-05 19:53:22'),(6,'Andorra','23932 Toney Lights Suite 595\nGeoffreymouth, FL 95062-5484',1057,'schoen.merl@example.net','2018-02-24 00:48:27'),(7,'Saint Pierre and Miquelon','3734 Jaylon Highway\nSouth Kendra, TN 30130-9568',1204,'trantow.irving@example.net','2013-11-17 00:49:23'),(8,'Peru','51314 Palma Drives Apt. 541\nJohnstonstad, UT 80149',1113,'ellis.miller@example.com','2007-06-28 18:03:31'),(9,'Syrian Arab Republic','27432 Kulas Light\nMcLaughlinville, MA 72240-1457',2070,'ctromp@example.com','2000-08-04 07:05:25'),(10,'Philippines','044 Marcia Walks\nEast Roslyn, FL 31960',2138,'feichmann@example.org','2008-01-23 05:10:23'),(11,'Comoros','09350 Jedidiah Causeway\nNew Wilsonshire, CA 81431',1912,'tressie22@example.org','1974-05-14 05:12:52'),(12,'Rwanda','34740 Dave Summit\nMurlbury, KS 04561',1510,'esta.zulauf@example.org','1991-02-21 02:49:08'),(13,'Burkina Faso','13813 Schumm Spurs\nMayerchester, NY 56029-8257',1559,'rocky.blanda@example.net','1988-04-29 23:18:14'),(14,'Saint Vincent and the Grenadines','0308 Satterfield Ridges\nLake Valeriestad, UT 89651-4651',3761,'armando.halvorson@example.com','2005-12-20 12:41:17'),(15,'Nicaragua','32056 Greenfelder Hills Apt. 545\nNew Tierraview, KS 07153-1668',3990,'quitzon.jody@example.org','1987-01-25 07:33:29'),(16,'Rwanda','6959 Shields Flat\nLake Wilfred, TN 13112-8676',3169,'cleo.halvorson@example.net','1975-03-24 10:05:10'),(17,'Oman','504 Alize Divide\nNew Oda, SD 71991',1430,'christiana.kertzmann@example.org','1981-08-12 13:04:40'),(18,'Uganda','0940 Pfannerstill Mountains\nMelvinbury, LA 62652',1004,'adrain.wisoky@example.net','2019-06-21 13:39:23'),(19,'Lithuania','3551 Block Islands\nPort Sonia, WA 19658',2479,'nikko.gaylord@example.org','1975-11-07 14:23:10'),(20,'Martinique','919 O\'Reilly Village Apt. 747\nNew Francisco, FL 47940-2921',2404,'bergnaum.sylvester@example.com','1972-03-07 02:12:39'),(21,'French Guiana','38566 Hand Brook Apt. 974\nFisherside, WA 15838',3255,'hane.jessie@example.com','1998-05-06 07:53:36'),(22,'Ethiopia','475 Cedrick Parkways Apt. 838\nNew Sophieberg, MI 84447-8151',2780,'sipes.faye@example.net','1988-08-08 02:06:07'),(23,'Afghanistan','875 Schaden Prairie Suite 786\nLake Adolf, MI 77505',2186,'lesley.runolfsdottir@example.net','1990-01-16 04:42:52'),(24,'Tajikistan','5568 Darian Spring Apt. 462\nCartwrightbury, AR 30319-1166',2534,'ezemlak@example.org','2014-08-23 14:30:21'),(25,'Tanzania','2209 Ethelyn Mount Apt. 411\nVerdahaven, IL 97586-2103',2750,'irwin.ebert@example.org','2005-12-14 11:28:45'),(26,'Maldives','255 Mandy Ville\nMerlland, KS 74827',2160,'braun.naomie@example.com','1984-02-24 04:27:34'),(27,'Uzbekistan','5554 Dora Valley Suite 034\nRickyberg, MT 25419-1666',3577,'kaleb23@example.net','1986-03-10 04:02:53'),(28,'Greenland','7410 Bogan Creek Suite 670\nEast Svenport, GA 41404-7287',1347,'hbrakus@example.com','1978-06-08 03:20:30'),(29,'Jamaica','70381 Timothy Lodge Apt. 502\nRohanmouth, KY 46988',2526,'williamson.adam@example.com','2001-06-11 10:39:18'),(30,'Kyrgyz Republic','900 Willms Rapids\nLake Ayana, IL 60324-7677',2390,'gutmann.minerva@example.net','1986-01-09 00:39:45'),(31,'Malta','114 Adalberto Heights Apt. 324\nWest Nathaniel, WA 37461-5319',3572,'alexane.hodkiewicz@example.org','1994-10-26 07:51:42'),(32,'Bouvet Island (Bouvetoya)','890 Rolfson Stravenue\nLake Turner, WI 11176-1033',2659,'uflatley@example.com','1990-05-23 07:55:21'),(33,'Pakistan','32896 Jaquelin Inlet\nSouth Stanland, KS 81785-4580',1586,'tiffany.mitchell@example.org','1973-05-09 16:33:51'),(34,'Vietnam','229 Volkman Springs Suite 911\nThompsonhaven, KS 62392-4212',2544,'yasmin20@example.com','1976-03-31 05:14:04'),(35,'Slovenia','1656 Mohr Branch\nAlexaton, ND 61471-5172',1545,'sschneider@example.com','1976-04-09 16:41:37'),(36,'Comoros','0747 Pacocha Junctions Suite 579\nNew Maymiefort, NM 63918',3073,'vernon52@example.com','2012-12-14 15:51:03'),(37,'Guinea-Bissau','2590 Shields Circles Suite 224\nLake Leonor, VA 92518',3839,'schulist.shirley@example.org','2007-12-15 09:02:08'),(38,'Canada','71437 Cora Isle\nHahnhaven, NE 35924',3961,'brakus.kaitlin@example.net','2002-07-03 09:08:56'),(39,'Papua New Guinea','62594 Kameron Rapid\nJanickborough, CT 74255-5528',1068,'freeman93@example.com','1994-12-09 22:07:28'),(40,'Saint Vincent and the Grenadines','08426 Spinka Wells\nSouth Mireillebury, KY 29962',3796,'alden.bednar@example.com','1985-06-27 09:40:32'),(41,'Tuvalu','2666 Torey Cape\nEdythtown, CO 16432',1258,'heaney.orie@example.com','2011-09-11 19:24:47'),(42,'Tokelau','26606 Bergnaum Island\nPort Quinnchester, AL 48721-7798',3296,'schneider.maude@example.com','1979-07-05 09:53:33'),(43,'Greenland','119 Bernier Forest\nNorth Lydia, AL 97871-3999',3553,'levi03@example.org','1995-11-25 13:28:10'),(44,'Central African Republic','22298 Robyn Ways Apt. 398\nSouth Phoebe, WI 21515',1465,'purdy.norberto@example.net','1991-10-23 22:57:05'),(45,'Belize','95323 Destin Fields Suite 799\nSouth Kenyon, VT 87316',2106,'plegros@example.net','1991-01-15 04:54:17'),(46,'Bolivia','097 Connelly Mews Apt. 599\nEast Adrien, KS 50689',2864,'rossie.parisian@example.net','2000-06-18 05:47:16'),(47,'Bhutan','991 Erin Drive\nSouth Lois, IN 10096',2458,'wfahey@example.net','1981-08-23 22:58:04'),(48,'Antarctica (the territory South of 60 deg S)','247 Watsica Valleys Apt. 313\nWest Richmond, MO 64165',3323,'katelynn.parisian@example.net','1987-09-18 08:08:41'),(49,'Falkland Islands (Malvinas)','557 Chase Junctions Apt. 843\nAbbottburgh, NJ 51778-5095',3774,'jarvis.hand@example.com','1998-08-28 00:48:06'),(50,'Micronesia','10152 Labadie Summit Suite 902\nNew Marinaview, SC 23178-6281',1094,'ferdman@example.com','2012-11-27 23:14:51'),(51,'Thailand','4156 Burley Meadow\nWunschshire, RI 59847',3787,'spinka.melissa@example.net','1984-12-15 08:53:20'),(52,'Palestinian Territory','270 Bednar Square Suite 191\nPort Odessa, GA 48747',3860,'adela.langworth@example.com','2012-10-24 07:23:23'),(53,'Turkmenistan','38602 Harris Burgs\nLavernamouth, ID 61086-2263',3616,'nathanial.anderson@example.com','1995-04-01 21:05:15'),(54,'Morocco','85967 Seth Court Apt. 275\nNew Sabrinaton, WY 34596',3275,'tobin66@example.com','1978-10-24 19:25:42'),(55,'Holy See (Vatican City State)','29324 Celine Isle Suite 275\nLednerburgh, WI 12596-6463',2394,'helene.kris@example.com','1974-01-19 05:40:59'),(56,'British Virgin Islands','088 Dena Pass Suite 029\nNorth Winnifredland, MN 72370-5073',2791,'maiya52@example.org','2003-07-01 17:25:51'),(57,'Poland','5991 Brandon Pike Suite 870\nNew Macburgh, MD 86733-5338',2467,'mann.mallie@example.net','1999-02-24 07:51:17'),(58,'Macedonia','3121 Keeling Court\nHirtheville, MO 54420',2525,'yebert@example.com','1988-04-14 05:32:28'),(59,'Reunion','9952 Opal Walks Apt. 032\nLawrencemouth, MI 23766',1359,'harmony24@example.net','1990-05-14 07:51:51'),(60,'Austria','0917 Angelica Courts\nAddisonshire, RI 38056',2868,'abe33@example.net','2016-04-28 04:00:53'),(61,'Isle of Man','5207 Savanah Port\nHowebury, AL 99493',1879,'madie.windler@example.org','2010-03-02 11:11:59'),(62,'Saint Kitts and Nevis','21127 West Passage\nNicolasburgh, HI 51797-9363',1258,'kenny.adams@example.com','2011-12-22 20:33:31'),(63,'Seychelles','4161 Katarina Roads\nWest Khalilmouth, MN 88424',3200,'leatha86@example.org','1994-05-04 19:19:19'),(64,'Paraguay','5333 Block Ferry Apt. 224\nEast Lillyfort, TX 49778',2299,'braxton.kreiger@example.org','1989-07-14 17:21:49'),(65,'Saint Helena','859 Brock Orchard\nSouth Nannieshire, WI 94086',3372,'baumbach.pattie@example.com','1993-03-20 15:45:41'),(66,'Kenya','5250 Christop Extension\nNew Niaberg, NY 56297',2545,'acruickshank@example.com','2005-12-18 04:47:04'),(67,'Vanuatu','180 Carolyn Expressway\nMabelleside, NC 83197-2061',2017,'roxane01@example.net','2008-03-04 03:36:09'),(68,'Palestinian Territory','9362 Cronin Parks Suite 629\nEbertberg, IN 38966',1148,'dubuque.osbaldo@example.net','2005-02-27 15:04:43'),(69,'American Samoa','176 Alfredo Center\nVenafort, IN 80828-4755',3277,'dickens.gertrude@example.net','1983-05-21 06:30:02'),(70,'Gabon','63361 Watsica Route Apt. 454\nLake Veda, CA 60280-5200',1439,'jonathan.glover@example.org','1982-12-18 21:47:08'),(71,'San Marino','259 Timmothy Club\nEast Camren, HI 95011-4341',1263,'wilderman.elza@example.org','1981-01-05 22:57:32'),(72,'Puerto Rico','295 Rice Isle Suite 934\nNorth Cassidystad, ME 63657',3052,'chadrick60@example.com','2018-07-27 03:25:59'),(73,'Montenegro','237 Sophie Common\nArmstrongmouth, HI 27014',1798,'cummings.annabell@example.com','1970-04-29 16:12:57'),(74,'Mongolia','20642 Rodriguez Common\nEast Antwonshire, NC 14121-1600',1894,'domenica12@example.com','2003-05-01 17:49:40'),(75,'Sweden','23686 Turner Landing Apt. 517\nNew Dellport, AL 32730',1569,'yklein@example.com','2009-10-02 17:39:34'),(76,'Qatar','022 Shany Ford Suite 269\nPort Llewellynburgh, MO 43380',1040,'ulegros@example.org','1995-02-24 04:02:42'),(77,'Macao','30313 Harber Stream Suite 681\nOmaview, NY 55410',1555,'antonette.cormier@example.org','2001-11-08 09:20:14'),(78,'Canada','7406 Sipes Extensions Suite 472\nIvahfort, NY 75316',2485,'gking@example.net','2011-06-03 03:54:41'),(79,'Israel','026 Stracke Walk Suite 341\nWisokyshire, AK 60070',3446,'markus81@example.org','1986-03-23 07:23:02'),(80,'Denmark','441 Fisher Shores Apt. 488\nRomagueramouth, MD 09722-0061',2990,'zschimmel@example.com','2007-10-14 02:49:52'),(81,'Saint Vincent and the Grenadines','79913 Koss Meadows\nWillmsfort, WY 06815',3362,'aroberts@example.net','1975-12-29 19:03:50'),(82,'Netherlands','52442 Gideon Lock Apt. 629\nCummeratabury, MS 14275-5899',2510,'rcorkery@example.com','2019-04-17 11:01:31'),(83,'Ireland','3965 Lorena Plains Apt. 277\nKevontown, IN 34420',1647,'von.nolan@example.net','2009-04-19 16:58:28'),(84,'Pakistan','1527 Spencer Cape\nWest Cicero, NC 29536',1736,'wendy.grimes@example.org','2005-01-04 08:00:27'),(85,'Saudi Arabia','76054 Patrick Green Suite 381\nLake Roycebury, MA 99746-6819',3681,'gabriel59@example.com','2013-11-24 21:41:21'),(86,'Argentina','55365 Talia Village\nOndrickatown, OH 31337',2340,'wintheiser.luther@example.com','1997-01-11 14:48:41'),(87,'Martinique','35017 Kemmer Roads\nLake Harley, CT 76954-7787',3721,'ngrady@example.com','2015-06-25 09:11:18'),(88,'Burundi','6771 Carolina Terrace Apt. 005\nBuckridgeville, MD 85319-7611',1542,'jonathan63@example.net','1992-03-01 22:17:19'),(89,'Saint Lucia','3499 Walter Circle Suite 960\nBotsfordshire, UT 19138-3050',2161,'harber.gerda@example.org','1981-09-27 23:54:18'),(90,'Brunei Darussalam','03530 Casper Forest\nWest Flavieview, UT 39817',1685,'macie.shanahan@example.net','1987-02-22 07:22:49'),(91,'Vanuatu','29284 Jacobs Village Suite 553\nEast Granville, KY 79055',3557,'gwisozk@example.org','2007-12-04 09:06:58'),(92,'United States of America','579 Magdalena Roads Apt. 724\nNew Maidahaven, KS 78585',3737,'sbaumbach@example.org','2007-03-03 16:23:52'),(93,'Uzbekistan','41005 Beer Ford Suite 576\nArieltown, DC 14531',2108,'qheidenreich@example.org','1981-06-06 09:54:17'),(94,'Belize','3252 Daron Point Suite 303\nPort Bernardo, DC 32265',2273,'jschaden@example.org','2002-10-06 18:30:04'),(95,'Cape Verde','416 Maryse Center\nPort Halle, OR 98597',2151,'westley.crona@example.net','1976-02-13 21:49:50'),(96,'Syrian Arab Republic','281 Pfeffer Pike\nWest Marcus, VA 43027-5953',3749,'conn.dee@example.net','1972-01-28 20:36:53'),(97,'Palau','0225 Waters Lakes\nSimonisside, ND 41970-8711',3471,'nemmerich@example.net','2001-05-22 06:52:22'),(98,'Panama','973 Eleanore Rest Apt. 717\nEthaview, IN 70944-7111',3116,'brianne15@example.com','1973-08-04 02:37:38'),(99,'Saint Martin','457 Jennifer Cape Apt. 464\nSouth Jeramybury, IA 28133-0088',3475,'johnathon35@example.org','2008-10-07 23:32:50'),(100,'Sudan','868 Edward Cove Suite 573\nWest Alecmouth, PA 06845-6464',2998,'aida22@example.net','1991-03-14 11:37:34');
/*!40000 ALTER TABLE `profile` ENABLE KEYS */;
UNLOCK TABLES;

--
-- Table structure for table `settings`
--

DROP TABLE IF EXISTS `settings`;
/*!40101 SET @saved_cs_client     = @@character_set_client */;
/*!50503 SET character_set_client = utf8mb4 */;
CREATE TABLE `settings` (
  `user_id` int(11) NOT NULL,
  `board_id` int(11) DEFAULT NULL,
  `language_id` int(11) DEFAULT NULL,
  `figures_type_id` int(11) DEFAULT NULL,
  `theam_id` int(11) DEFAULT NULL,
  PRIMARY KEY (`user_id`),
  UNIQUE KEY `user_id` (`user_id`),
  UNIQUE KEY `user_id_2` (`user_id`),
  KEY `settings_board_id_fk` (`board_id`),
  KEY `settings_language_id_fk` (`language_id`),
  KEY `settings_figures_type_id_fk` (`figures_type_id`),
  KEY `settings_theam_id_fk` (`theam_id`),
  CONSTRAINT `settings_board_id_fk` FOREIGN KEY (`board_id`) REFERENCES `boards` (`id`),
  CONSTRAINT `settings_figures_type_id_fk` FOREIGN KEY (`figures_type_id`) REFERENCES `figures_types` (`id`),
  CONSTRAINT `settings_language_id_fk` FOREIGN KEY (`language_id`) REFERENCES `languages` (`id`),
  CONSTRAINT `settings_theam_id_fk` FOREIGN KEY (`theam_id`) REFERENCES `theams` (`id`),
  CONSTRAINT `settings_user_id_fk` FOREIGN KEY (`user_id`) REFERENCES `users` (`id`)
) ENGINE=InnoDB DEFAULT CHARSET=utf8 COLLATE=utf8_unicode_ci;
/*!40101 SET character_set_client = @saved_cs_client */;

--
-- Dumping data for table `settings`
--

LOCK TABLES `settings` WRITE;
/*!40000 ALTER TABLE `settings` DISABLE KEYS */;
INSERT INTO `settings` VALUES (1,4,3,4,2),(2,2,3,3,7),(3,4,1,4,5),(4,4,4,6,3),(5,1,1,3,2),(6,3,5,4,3),(7,6,2,5,2),(8,2,5,6,1),(9,1,2,5,1),(10,6,6,3,4),(11,3,3,4,3),(12,6,5,5,5),(13,1,4,1,1),(14,1,1,5,5),(15,6,1,1,3),(16,3,1,2,3),(17,1,1,6,2),(18,3,3,1,6),(19,3,3,1,7),(20,5,4,6,1),(21,6,6,2,6),(22,2,3,4,7),(23,4,3,6,5),(24,2,4,6,2),(25,1,5,6,3),(26,4,3,5,2),(27,1,1,3,4),(28,6,4,6,1),(29,4,1,2,6),(30,2,1,2,3),(31,6,4,4,2),(32,2,1,3,5),(33,4,2,1,3),(34,2,6,3,7),(35,4,5,3,4),(36,3,5,4,2),(37,4,3,6,4),(38,3,5,5,2),(39,3,1,6,3),(40,6,3,6,3),(41,4,6,3,7),(42,2,5,2,7),(43,2,6,5,3),(44,5,1,3,3),(45,6,4,6,2),(46,1,4,2,1),(47,6,4,5,6),(48,4,5,1,5),(49,3,1,4,4),(50,4,4,3,6),(51,1,2,3,3),(52,6,4,2,6),(53,6,6,2,2),(54,2,2,4,6),(55,2,3,5,3),(56,1,4,3,6),(57,5,2,5,2),(58,4,2,1,5),(59,6,6,6,3),(60,6,5,1,6),(61,1,2,3,7),(62,6,2,1,6),(63,4,4,6,7),(64,5,6,6,7),(65,6,3,4,6),(66,1,2,3,3),(67,3,3,4,1),(68,1,2,2,6),(69,5,1,5,6),(70,6,4,4,6),(71,1,4,4,3),(72,4,3,6,7),(73,5,6,6,7),(74,6,3,5,1),(75,5,4,5,6),(76,3,4,5,7),(77,2,4,1,4),(78,6,5,1,3),(79,6,6,5,2),(80,2,5,2,7),(81,6,6,2,7),(82,4,3,1,3),(83,2,4,2,2),(84,4,3,6,5),(85,5,2,6,2),(86,4,1,4,5),(87,1,5,1,1),(88,3,2,6,1),(89,5,6,5,6),(90,2,3,6,3),(91,6,4,3,2),(92,2,5,2,7),(93,1,5,5,4),(94,6,1,2,4),(95,4,3,3,2),(96,4,1,2,7),(97,6,1,1,6),(98,6,2,3,1),(99,6,1,2,7),(100,4,4,6,2);
/*!40000 ALTER TABLE `settings` ENABLE KEYS */;
UNLOCK TABLES;

--
-- Table structure for table `speak_languages`
--

DROP TABLE IF EXISTS `speak_languages`;
/*!40101 SET @saved_cs_client     = @@character_set_client */;
/*!50503 SET character_set_client = utf8mb4 */;
CREATE TABLE `speak_languages` (
  `id` int(11) NOT NULL AUTO_INCREMENT,
  `language_id` int(11) DEFAULT NULL,
  `trainer_id` int(11) DEFAULT NULL,
  PRIMARY KEY (`id`),
  KEY `speak_languages_trainer_id_fk` (`trainer_id`),
  KEY `speak_languages_language_id_fk` (`language_id`),
  CONSTRAINT `speak_languages_language_id_fk` FOREIGN KEY (`language_id`) REFERENCES `languages` (`id`),
  CONSTRAINT `speak_languages_trainer_id_fk` FOREIGN KEY (`trainer_id`) REFERENCES `trainers` (`id`)
) ENGINE=InnoDB AUTO_INCREMENT=71 DEFAULT CHARSET=utf8 COLLATE=utf8_unicode_ci;
/*!40101 SET character_set_client = @saved_cs_client */;

--
-- Dumping data for table `speak_languages`
--

LOCK TABLES `speak_languages` WRITE;
/*!40000 ALTER TABLE `speak_languages` DISABLE KEYS */;
INSERT INTO `speak_languages` VALUES (1,5,4),(2,7,20),(3,1,2),(4,7,14),(5,6,22),(6,3,3),(7,7,17),(8,5,12),(9,7,17),(10,3,14),(11,1,11),(12,6,8),(13,3,2),(14,1,19),(15,5,22),(16,2,6),(17,4,7),(18,4,24),(19,2,19),(20,2,24),(21,1,15),(22,2,19),(23,1,21),(24,1,24),(25,3,16),(26,5,6),(27,3,19),(28,5,19),(29,7,8),(30,3,29),(31,5,24),(32,1,6),(33,7,6),(34,2,14),(35,1,1),(36,2,15),(37,3,13),(38,5,3),(39,3,2),(40,4,29),(41,2,26),(42,6,17),(43,5,2),(44,7,20),(45,7,30),(46,1,27),(47,5,21),(48,7,20),(49,5,18),(50,4,5),(51,1,30),(52,4,30),(53,6,12),(54,2,4),(55,2,17),(56,1,25),(57,5,15),(58,6,8),(59,4,13),(60,6,5),(61,5,3),(62,5,4),(63,7,16),(64,1,18),(65,4,13),(66,6,16),(67,5,13),(68,5,9),(69,3,30),(70,4,1);
/*!40000 ALTER TABLE `speak_languages` ENABLE KEYS */;
UNLOCK TABLES;

--
-- Table structure for table `status_game`
--

DROP TABLE IF EXISTS `status_game`;
/*!40101 SET @saved_cs_client     = @@character_set_client */;
/*!50503 SET character_set_client = utf8mb4 */;
CREATE TABLE `status_game` (
  `id` int(11) NOT NULL AUTO_INCREMENT,
  `name` varchar(256) CHARACTER SET utf8 COLLATE utf8_unicode_ci DEFAULT NULL,
  PRIMARY KEY (`id`)
) ENGINE=InnoDB AUTO_INCREMENT=4 DEFAULT CHARSET=utf8 COLLATE=utf8_unicode_ci;
/*!40101 SET character_set_client = @saved_cs_client */;

--
-- Dumping data for table `status_game`
--

LOCK TABLES `status_game` WRITE;
/*!40000 ALTER TABLE `status_game` DISABLE KEYS */;
INSERT INTO `status_game` VALUES (1,'not_started'),(2,'playing'),(3,'finished');
/*!40000 ALTER TABLE `status_game` ENABLE KEYS */;
UNLOCK TABLES;

--
-- Table structure for table `subscribes`
--

DROP TABLE IF EXISTS `subscribes`;
/*!40101 SET @saved_cs_client     = @@character_set_client */;
/*!50503 SET character_set_client = utf8mb4 */;
CREATE TABLE `subscribes` (
  `user_id` int(11) NOT NULL,
  `to_user_id` int(11) NOT NULL,
  PRIMARY KEY (`user_id`,`to_user_id`),
  KEY `subscribes_to_user_id_fk` (`to_user_id`),
  CONSTRAINT `subscribes_to_user_id_fk` FOREIGN KEY (`to_user_id`) REFERENCES `users` (`id`),
  CONSTRAINT `subscribes_user_id_fk` FOREIGN KEY (`user_id`) REFERENCES `users` (`id`)
) ENGINE=InnoDB DEFAULT CHARSET=utf8 COLLATE=utf8_unicode_ci;
/*!40101 SET character_set_client = @saved_cs_client */;

--
-- Dumping data for table `subscribes`
--

LOCK TABLES `subscribes` WRITE;
/*!40000 ALTER TABLE `subscribes` DISABLE KEYS */;
INSERT INTO `subscribes` VALUES (68,10),(2,11),(77,12),(72,21),(27,22),(9,25),(92,25),(61,28),(21,30),(65,30),(34,36),(14,39),(57,39),(89,39),(20,40),(93,40),(96,46),(82,47),(30,49),(48,49),(44,65),(77,65),(17,67),(34,71),(93,73),(55,74),(15,75),(16,77),(47,78),(88,80),(53,82),(86,82),(84,83),(2,84),(33,84),(14,86),(28,88),(67,88),(51,90),(12,98);
/*!40000 ALTER TABLE `subscribes` ENABLE KEYS */;
UNLOCK TABLES;

--
-- Table structure for table `theams`
--

DROP TABLE IF EXISTS `theams`;
/*!40101 SET @saved_cs_client     = @@character_set_client */;
/*!50503 SET character_set_client = utf8mb4 */;
CREATE TABLE `theams` (
  `id` int(11) NOT NULL AUTO_INCREMENT,
  `name` varchar(16) DEFAULT NULL,
  `theame` json DEFAULT NULL,
  PRIMARY KEY (`id`)
) ENGINE=InnoDB AUTO_INCREMENT=8 DEFAULT CHARSET=utf8mb4 COLLATE=utf8mb4_0900_ai_ci;
/*!40101 SET character_set_client = @saved_cs_client */;

--
-- Dumping data for table `theams`
--

LOCK TABLES `theams` WRITE;
/*!40000 ALTER TABLE `theams` DISABLE KEYS */;
INSERT INTO `theams` VALUES (1,'Dark',NULL),(2,'Light',NULL),(3,'Shapes',NULL),(4,'Anthracite',NULL),(5,'Blue Maze',NULL),(6,'Red Maze',NULL),(7,'Wood',NULL);
/*!40000 ALTER TABLE `theams` ENABLE KEYS */;
UNLOCK TABLES;

--
-- Table structure for table `tournaments`
--

DROP TABLE IF EXISTS `tournaments`;
/*!40101 SET @saved_cs_client     = @@character_set_client */;
/*!50503 SET character_set_client = utf8mb4 */;
CREATE TABLE `tournaments` (
  `id` int(11) NOT NULL AUTO_INCREMENT,
  `name` varchar(256) CHARACTER SET utf8 COLLATE utf8_unicode_ci DEFAULT NULL,
  `type_game_id` int(11) DEFAULT NULL,
  `club_id` int(11) DEFAULT NULL,
  `start_at` datetime NOT NULL DEFAULT CURRENT_TIMESTAMP,
  `finished_at` datetime NOT NULL DEFAULT CURRENT_TIMESTAMP,
  `status_id` int(11) DEFAULT NULL,
  PRIMARY KEY (`id`),
  KEY `tournaments_type_game_id_fk` (`type_game_id`),
  KEY `tournaments_club_id_fk` (`club_id`),
  KEY `tournaments_status_id_fk` (`status_id`),
  KEY `tournaments_status_id_idx` (`status_id`),
  KEY `tournaments_type_game_id_idx` (`status_id`),
  CONSTRAINT `tournaments_club_id_fk` FOREIGN KEY (`club_id`) REFERENCES `clubs` (`id`),
  CONSTRAINT `tournaments_status_id_fk` FOREIGN KEY (`status_id`) REFERENCES `status_game` (`id`),
  CONSTRAINT `tournaments_type_game_id_fk` FOREIGN KEY (`type_game_id`) REFERENCES `types_game` (`id`)
) ENGINE=InnoDB AUTO_INCREMENT=41 DEFAULT CHARSET=utf8 COLLATE=utf8_unicode_ci;
/*!40101 SET character_set_client = @saved_cs_client */;

--
-- Dumping data for table `tournaments`
--

LOCK TABLES `tournaments` WRITE;
/*!40000 ALTER TABLE `tournaments` DISABLE KEYS */;
INSERT INTO `tournaments` VALUES (1,'Lesch-Schmitt',2,1,'2017-05-26 17:42:14','2017-06-02 17:42:14',1),(2,'Gulgowski, O\'Reilly and Spinka',2,2,'1978-05-01 00:43:34','1978-05-08 00:43:34',3),(3,'Herman-Gutmann',1,3,'1994-05-29 11:51:54','1994-06-05 11:51:54',1),(4,'Okuneva-Will',3,4,'1993-11-01 16:28:30','1993-11-08 16:28:30',2),(5,'Roberts-Graham',1,5,'2010-02-03 19:51:12','2010-02-10 19:51:12',2),(6,'Marquardt PLC',3,6,'1984-02-15 16:15:24','1984-02-22 16:15:24',1),(7,'Doyle, Maggio and Kshlerin',3,7,'2006-09-18 11:54:35','2006-09-25 11:54:35',3),(8,'Runolfsson Inc',1,8,'1997-06-10 08:01:17','1997-06-17 08:01:17',3),(9,'Schmitt Ltd',2,9,'1985-06-20 03:18:46','1985-06-27 03:18:46',1),(10,'Barton, Ruecker and Osinski',5,10,'2011-02-13 22:14:31','2011-02-20 22:14:31',2),(11,'Zemlak Group',3,11,'2016-02-13 13:58:13','2016-02-20 13:58:13',2),(12,'Waelchi Inc',3,12,'2007-09-25 19:42:34','2007-10-02 19:42:34',1),(13,'Jakubowski LLC',3,13,'1979-05-20 09:10:53','1979-05-27 09:10:53',3),(14,'Monahan, Willms and Fritsch',3,14,'2003-06-18 17:14:22','2003-06-25 17:14:22',3),(15,'O\'Reilly-Mueller',2,15,'2010-04-09 17:01:43','2010-04-16 17:01:43',3),(16,'Murray Ltd',4,16,'1989-06-28 21:08:19','1989-07-05 21:08:19',3),(17,'Russel and Sons',3,17,'1984-12-04 04:28:01','1984-12-11 04:28:01',3),(18,'Weimann, Beer and Zboncak',1,18,'2006-10-25 16:45:11','2006-11-01 16:45:11',2),(19,'McGlynn PLC',4,19,'1990-09-23 04:05:09','1990-09-30 04:05:09',3),(20,'Gerhold PLC',4,20,'2011-08-30 07:41:48','2011-09-06 07:41:48',1),(21,'O\'Connell Ltd',3,21,'1992-04-11 12:46:23','1992-04-18 12:46:23',2),(22,'Erdman Inc',1,22,'1986-09-30 12:13:37','1986-10-07 12:13:37',3),(23,'Jones, Heidenreich and Stracke',2,23,'1972-06-25 14:19:53','1972-07-02 14:19:53',2),(24,'Raynor-Walsh',3,24,'2016-06-09 04:50:57','2016-06-16 04:50:57',3),(25,'Will Group',3,25,'1990-10-21 23:44:41','1990-10-28 23:44:41',3),(26,'Kreiger, Mante and Upton',3,26,'1980-11-23 22:07:41','1980-11-30 22:07:41',2),(27,'Johnston, Crona and Klocko',2,27,'1988-09-30 21:26:01','1988-10-07 21:26:01',3),(28,'Jenkins-Gulgowski',4,28,'1972-07-30 04:01:34','1972-08-06 04:01:34',1),(29,'Gaylord-Bartoletti',2,29,'1990-06-03 22:05:16','1990-06-10 22:05:16',2),(30,'Labadie-Morissette',4,30,'1986-05-06 14:33:05','1986-05-13 14:33:05',1),(31,'Marks, McDermott and Lemke',2,1,'1985-06-08 00:48:30','1985-06-15 00:48:30',3),(32,'Renner Group',1,2,'1983-01-01 00:54:19','1983-01-08 00:54:19',3),(33,'Langworth, Schmeler and Schaefer',5,3,'2008-07-18 01:08:28','2008-07-25 01:08:28',2),(34,'Farrell, Aufderhar and Fisher',2,4,'1972-12-08 07:20:35','1972-12-15 07:20:35',3),(35,'Littel-Thiel',2,5,'1970-10-19 15:50:34','1970-10-26 15:50:34',1),(36,'Will-Parisian',1,6,'1975-10-14 22:00:36','1975-10-21 22:00:36',3),(37,'Jenkins-Dickens',3,7,'1998-10-22 01:52:43','1998-10-29 01:52:43',1),(38,'Mante-Koelpin',4,8,'2009-10-25 08:00:10','2009-11-01 08:00:10',3),(39,'Fahey-Maggio',5,9,'2013-12-17 12:19:20','2013-12-24 12:19:20',3),(40,'White, Graham and Rau',5,10,'2014-02-02 02:14:43','2014-02-09 02:14:43',3);
/*!40000 ALTER TABLE `tournaments` ENABLE KEYS */;
UNLOCK TABLES;
/*!50003 SET @saved_cs_client      = @@character_set_client */ ;
/*!50003 SET @saved_cs_results     = @@character_set_results */ ;
/*!50003 SET @saved_col_connection = @@collation_connection */ ;
/*!50003 SET character_set_client  = utf8mb4 */ ;
/*!50003 SET character_set_results = utf8mb4 */ ;
/*!50003 SET collation_connection  = utf8mb4_0900_ai_ci */ ;
/*!50003 SET @saved_sql_mode       = @@sql_mode */ ;
/*!50003 SET sql_mode              = 'ONLY_FULL_GROUP_BY,STRICT_TRANS_TABLES,NO_ZERO_IN_DATE,NO_ZERO_DATE,ERROR_FOR_DIVISION_BY_ZERO,NO_ENGINE_SUBSTITUTION' */ ;
DELIMITER ;;
/*!50003 CREATE*/ /*!50017 DEFINER=`root`@`%`*/ /*!50003 TRIGGER `set_tournament_winner` AFTER UPDATE ON `tournaments` FOR EACH ROW BEGIN	
IF (NEW.status_id = 3) THEN 
INSERT INTO  tournaments_winners(winner_id,tournament_id)
SELECT u.id, t.id
FROM users u
JOIN games g
ON u.id = g.black or u.id = g.white
JOIN tournaments t
ON g.tournament_id = t.id
JOIN profile p 
ON u.id=p.user_id
WHERE t.id = NEW.id
ORDER BY scores_sum(u.id, t.id) DESC, user_rating DESC LIMIT 1;
END IF;
END */;;
DELIMITER ;
/*!50003 SET sql_mode              = @saved_sql_mode */ ;
/*!50003 SET character_set_client  = @saved_cs_client */ ;
/*!50003 SET character_set_results = @saved_cs_results */ ;
/*!50003 SET collation_connection  = @saved_col_connection */ ;

--
-- Table structure for table `tournaments_winners`
--

DROP TABLE IF EXISTS `tournaments_winners`;
/*!40101 SET @saved_cs_client     = @@character_set_client */;
/*!50503 SET character_set_client = utf8mb4 */;
CREATE TABLE `tournaments_winners` (
  `tournament_id` int(11) NOT NULL,
  `winner_id` int(11) DEFAULT NULL,
  PRIMARY KEY (`tournament_id`),
  KEY `tournaments_winners_winner_id_fk` (`winner_id`),
  CONSTRAINT `tournaments_winners_tournament_id_fk` FOREIGN KEY (`tournament_id`) REFERENCES `tournaments` (`id`),
  CONSTRAINT `tournaments_winners_winner_id_fk` FOREIGN KEY (`winner_id`) REFERENCES `users` (`id`)
) ENGINE=InnoDB DEFAULT CHARSET=utf8mb4 COLLATE=utf8mb4_0900_ai_ci;
/*!40101 SET character_set_client = @saved_cs_client */;

--
-- Dumping data for table `tournaments_winners`
--

LOCK TABLES `tournaments_winners` WRITE;
/*!40000 ALTER TABLE `tournaments_winners` DISABLE KEYS */;
INSERT INTO `tournaments_winners` VALUES (38,2),(27,3),(22,10),(39,12),(8,13),(25,15),(13,29),(34,38),(7,43),(32,49),(40,51),(14,55),(15,61),(19,64),(24,67),(36,69),(31,84),(17,85),(16,87),(2,92);
/*!40000 ALTER TABLE `tournaments_winners` ENABLE KEYS */;
UNLOCK TABLES;

--
-- Table structure for table `trainers`
--

DROP TABLE IF EXISTS `trainers`;
/*!40101 SET @saved_cs_client     = @@character_set_client */;
/*!50503 SET character_set_client = utf8mb4 */;
CREATE TABLE `trainers` (
  `id` int(11) NOT NULL AUTO_INCREMENT,
  `name` varchar(256) CHARACTER SET utf8 COLLATE utf8_unicode_ci NOT NULL,
  PRIMARY KEY (`id`)
) ENGINE=InnoDB AUTO_INCREMENT=31 DEFAULT CHARSET=utf8 COLLATE=utf8_unicode_ci;
/*!40101 SET character_set_client = @saved_cs_client */;

--
-- Dumping data for table `trainers`
--

LOCK TABLES `trainers` WRITE;
/*!40000 ALTER TABLE `trainers` DISABLE KEYS */;
INSERT INTO `trainers` VALUES (1,'accusantium'),(2,'voluptatibus'),(3,'quod'),(4,'quia'),(5,'voluptatem'),(6,'consequatur'),(7,'non'),(8,'ea'),(9,'ad'),(10,'soluta'),(11,'ab'),(12,'nobis'),(13,'qui'),(14,'accusantium'),(15,'pariatur'),(16,'porro'),(17,'facilis'),(18,'tempore'),(19,'odit'),(20,'odit'),(21,'maiores'),(22,'eum'),(23,'earum'),(24,'odio'),(25,'quos'),(26,'consequatur'),(27,'sunt'),(28,'quia'),(29,'cumque'),(30,'officia');
/*!40000 ALTER TABLE `trainers` ENABLE KEYS */;
UNLOCK TABLES;

--
-- Table structure for table `trainers_profiles`
--

DROP TABLE IF EXISTS `trainers_profiles`;
/*!40101 SET @saved_cs_client     = @@character_set_client */;
/*!50503 SET character_set_client = utf8mb4 */;
CREATE TABLE `trainers_profiles` (
  `trainer_id` int(11) NOT NULL,
  `country` varchar(256) CHARACTER SET utf8 COLLATE utf8_unicode_ci DEFAULT NULL,
  `location` varchar(256) CHARACTER SET utf8 COLLATE utf8_unicode_ci DEFAULT NULL,
  `rating` int(11) DEFAULT NULL,
  `ratio_for_hour` int(11) DEFAULT NULL,
  `email` varchar(256) CHARACTER SET utf8 COLLATE utf8_unicode_ci NOT NULL,
  `availibility` tinyint(1) DEFAULT NULL,
  `created_at` datetime DEFAULT CURRENT_TIMESTAMP,
  PRIMARY KEY (`trainer_id`),
  UNIQUE KEY `email` (`email`),
  CONSTRAINT `trainers_profiles_trainer_id_fk` FOREIGN KEY (`trainer_id`) REFERENCES `trainers` (`id`)
) ENGINE=InnoDB DEFAULT CHARSET=utf8 COLLATE=utf8_unicode_ci;
/*!40101 SET character_set_client = @saved_cs_client */;

--
-- Dumping data for table `trainers_profiles`
--

LOCK TABLES `trainers_profiles` WRITE;
/*!40000 ALTER TABLE `trainers_profiles` DISABLE KEYS */;
INSERT INTO `trainers_profiles` VALUES (1,'Guatemala','4748 Greenholt Radial Apt. 471\nWest Jordonhaven, GA 67681',4224,90256,'lambert95@example.net',NULL,'1973-02-06 02:13:49'),(2,'Uganda','3726 Chet Club\nSouth Myrtis, NV 01074',4116,9574,'emile93@example.org',NULL,'1973-05-16 11:55:23'),(3,'Vanuatu','45298 Wyman Centers Apt. 258\nBufordburgh, NY 15883-5862',3257,73365,'fconsidine@example.com',NULL,'1983-09-13 15:32:32'),(4,'Equatorial Guinea','631 Mante Pass\nNew Clarabelleport, NY 05133-5138',3613,31819,'esmeralda.bode@example.org',NULL,'2006-04-12 01:00:42'),(5,'Mayotte','73305 Hahn Trace\nLake Rachellehaven, NC 07795-6210',3029,55428,'bauch.roel@example.org',NULL,'1974-07-28 23:04:19'),(6,'Malaysia','32387 Giovanny Stream\nPort Jovannyside, ME 53831',4363,90380,'fpouros@example.org',NULL,'1989-04-23 22:48:03'),(7,'Chad','333 Skiles Fords Suite 334\nWest Jordaneton, AR 95498',2234,77257,'alysha.fay@example.org',NULL,'1993-11-09 20:31:52'),(8,'Hong Kong','1720 Alf Roads\nHarberhaven, NJ 09796',4162,91524,'witting.lauriane@example.net',NULL,'1981-12-22 19:12:17'),(9,'Rwanda','6093 Austin Villages Suite 466\nJaidenport, HI 04518-0034',4873,7546,'stiedemann.neal@example.net',NULL,'1986-04-03 17:21:10'),(10,'Tajikistan','3354 Damon River Apt. 554\nLake Rylan, CO 12663-5345',2247,89717,'koss.otha@example.net',NULL,'1979-09-04 07:46:34'),(11,'Pakistan','471 Beatty Club Apt. 137\nStiedemannberg, AZ 47812-9305',4530,38822,'bzemlak@example.org',NULL,'1984-11-23 18:24:24'),(12,'Uganda','0019 Bridgette Green\nCarolemouth, ID 33098',3288,786,'stefanie45@example.net',NULL,'1996-04-13 07:06:06'),(13,'Mozambique','419 Peter Plains\nPort Geovanni, MI 07086',3377,48878,'egerlach@example.org',NULL,'1973-06-08 01:43:41'),(14,'United States of America','3438 Eddie Spring Apt. 667\nKerluketown, RI 55811-3409',3067,97789,'klein.clair@example.org',NULL,'2015-12-11 19:38:02'),(15,'Central African Republic','34591 Noelia Coves Suite 487\nEast Nakia, MO 37006',2462,57442,'clovis.kemmer@example.org',NULL,'1987-06-08 09:42:23'),(16,'Seychelles','340 Windler Bypass\nWest Jimmie, IN 19603-7751',2972,26571,'lowe.lori@example.org',NULL,'1982-03-23 22:15:33'),(17,'Sierra Leone','266 Bernier Summit Suite 876\nPort Maurine, HI 69946',2299,70924,'yconsidine@example.com',NULL,'1997-01-23 18:04:21'),(18,'Solomon Islands','879 Everette Locks Suite 380\nKassulkeside, TN 51235',4007,89169,'fvandervort@example.net',NULL,'1994-01-31 07:07:36'),(19,'Lesotho','30691 Ettie Curve\nNew Osborne, NH 97517-9486',4252,6513,'marques.tromp@example.org',NULL,'1976-11-05 19:59:49'),(20,'Colombia','537 Luz Row Apt. 228\nSouth Tyson, WI 44680',4455,28362,'luettgen.adelle@example.com',NULL,'2003-05-12 02:33:00'),(21,'Guyana','2014 Tavares Dam\nSmithberg, WY 43279',3555,45374,'vherman@example.org',NULL,'1985-11-03 03:02:27'),(22,'Andorra','911 Heaney Garden Apt. 292\nSammyberg, CO 07801',2475,37106,'estel80@example.com',NULL,'1975-02-16 06:45:17'),(23,'Palau','164 Sipes Keys\nKshlerinville, KS 21054-8105',4836,89757,'hubert93@example.net',NULL,'1978-12-11 10:17:34'),(24,'Monaco','14548 Anibal Plains Apt. 294\nWest Ronnyshire, OK 12977',4237,33527,'vfeil@example.net',NULL,'1979-10-22 15:51:33'),(25,'Algeria','37899 Saul Springs\nCronastad, ID 14511-4820',2353,12938,'powlowski.jeanie@example.net',NULL,'1977-06-26 03:06:05'),(26,'Ukraine','12355 Kamren Mount Apt. 075\nEast Madisonhaven, MT 32983',4453,99492,'maggio.arnulfo@example.com',NULL,'2014-06-15 14:11:43'),(27,'Vietnam','485 Morissette Extension\nPort Taya, AL 39918-2467',3519,14100,'treutel.alexandrea@example.org',NULL,'1995-08-22 11:57:16'),(28,'Senegal','3757 Wilber Manor Apt. 706\nStephantown, FL 77404-1770',4729,72279,'dullrich@example.net',NULL,'2012-01-22 10:27:52'),(29,'Central African Republic','960 Beahan Station\nEichmannbury, TX 12583-3772',2721,75005,'kariane34@example.org',NULL,'1991-01-07 01:49:23'),(30,'Malaysia','0382 Ondricka Shoal\nVandervortberg, IL 69145',3828,70425,'jrempel@example.net',NULL,'2001-03-03 18:20:42');
/*!40000 ALTER TABLE `trainers_profiles` ENABLE KEYS */;
UNLOCK TABLES;

--
-- Table structure for table `types_game`
--

DROP TABLE IF EXISTS `types_game`;
/*!40101 SET @saved_cs_client     = @@character_set_client */;
/*!50503 SET character_set_client = utf8mb4 */;
CREATE TABLE `types_game` (
  `id` int(11) NOT NULL AUTO_INCREMENT,
  `name` varchar(256) CHARACTER SET utf8 COLLATE utf8_unicode_ci DEFAULT NULL,
  `game_time` time DEFAULT NULL,
  PRIMARY KEY (`id`)
) ENGINE=InnoDB AUTO_INCREMENT=6 DEFAULT CHARSET=utf8 COLLATE=utf8_unicode_ci;
/*!40101 SET character_set_client = @saved_cs_client */;

--
-- Dumping data for table `types_game`
--

LOCK TABLES `types_game` WRITE;
/*!40000 ALTER TABLE `types_game` DISABLE KEYS */;
INSERT INTO `types_game` VALUES (1,'bullet','00:03:00'),(2,'blitz','00:05:00'),(3,'rapid','00:10:00'),(4,'classical','00:15:00'),(5,'custom','10:59:33');
/*!40000 ALTER TABLE `types_game` ENABLE KEYS */;
UNLOCK TABLES;

--
-- Table structure for table `users`
--

DROP TABLE IF EXISTS `users`;
/*!40101 SET @saved_cs_client     = @@character_set_client */;
/*!50503 SET character_set_client = utf8mb4 */;
CREATE TABLE `users` (
  `id` int(11) NOT NULL AUTO_INCREMENT,
  `name` varchar(255) CHARACTER SET utf8 COLLATE utf8_unicode_ci DEFAULT NULL,
  PRIMARY KEY (`id`)
) ENGINE=InnoDB AUTO_INCREMENT=101 DEFAULT CHARSET=utf8 COLLATE=utf8_unicode_ci;
/*!40101 SET character_set_client = @saved_cs_client */;

--
-- Dumping data for table `users`
--

LOCK TABLES `users` WRITE;
/*!40000 ALTER TABLE `users` DISABLE KEYS */;
INSERT INTO `users` VALUES (1,'aperiam'),(2,'quam'),(3,'eum'),(4,'deserunt'),(5,'esse'),(6,'omnis'),(7,'modi'),(8,'magnam'),(9,'molestiae'),(10,'magni'),(11,'quia'),(12,'blanditiis'),(13,'voluptatum'),(14,'aut'),(15,'molestias'),(16,'ducimus'),(17,'distinctio'),(18,'ut'),(19,'alias'),(20,'minus'),(21,'tempore'),(22,'et'),(23,'et'),(24,'quod'),(25,'aut'),(26,'necessitatibus'),(27,'et'),(28,'hic'),(29,'qui'),(30,'est'),(31,'non'),(32,'ad'),(33,'a'),(34,'dolor'),(35,'sunt'),(36,'earum'),(37,'rerum'),(38,'omnis'),(39,'rem'),(40,'illo'),(41,'assumenda'),(42,'sunt'),(43,'quae'),(44,'autem'),(45,'veniam'),(46,'eos'),(47,'laboriosam'),(48,'ut'),(49,'voluptatum'),(50,'velit'),(51,'non'),(52,'voluptas'),(53,'et'),(54,'est'),(55,'quibusdam'),(56,'asperiores'),(57,'sed'),(58,'dolores'),(59,'at'),(60,'enim'),(61,'perferendis'),(62,'est'),(63,'illo'),(64,'voluptas'),(65,'nisi'),(66,'pariatur'),(67,'similique'),(68,'aut'),(69,'consequatur'),(70,'laudantium'),(71,'dolore'),(72,'a'),(73,'fuga'),(74,'incidunt'),(75,'natus'),(76,'est'),(77,'facilis'),(78,'voluptas'),(79,'qui'),(80,'sit'),(81,'autem'),(82,'quo'),(83,'vel'),(84,'laboriosam'),(85,'voluptas'),(86,'veritatis'),(87,'placeat'),(88,'repellendus'),(89,'totam'),(90,'dicta'),(91,'vel'),(92,'accusantium'),(93,'porro'),(94,'porro'),(95,'quia'),(96,'vel'),(97,'iure'),(98,'minima'),(99,'eos'),(100,'sed');
/*!40000 ALTER TABLE `users` ENABLE KEYS */;
UNLOCK TABLES;

--
-- Dumping routines for database 'li_chess'
--
/*!50003 DROP FUNCTION IF EXISTS `scores_sum` */;
/*!50003 SET @saved_cs_client      = @@character_set_client */ ;
/*!50003 SET @saved_cs_results     = @@character_set_results */ ;
/*!50003 SET @saved_col_connection = @@collation_connection */ ;
/*!50003 SET character_set_client  = utf8mb4 */ ;
/*!50003 SET character_set_results = utf8mb4 */ ;
/*!50003 SET collation_connection  = utf8mb4_0900_ai_ci */ ;
/*!50003 SET @saved_sql_mode       = @@sql_mode */ ;
/*!50003 SET sql_mode              = 'ONLY_FULL_GROUP_BY,STRICT_TRANS_TABLES,NO_ZERO_IN_DATE,NO_ZERO_DATE,ERROR_FOR_DIVISION_BY_ZERO,NO_ENGINE_SUBSTITUTION' */ ;
DELIMITER ;;
CREATE DEFINER=`root`@`%` FUNCTION `scores_sum`(u1 int, t1 int) RETURNS float(5,1)
    DETERMINISTIC
BEGIN
RETURN(
SELECT SUM(s.result_game) as total_scores FROM
(SELECT  u.id,g.result_game as result_game FROM
games g
LEFT JOIN
users u
ON u.id=g.white
WHERE g.tournament_id = t1 AND u.id = u1
UNION ALL
SELECT u.id, (1-g.result_game) as result_game FROM
games g
LEFT JOIN
users u
ON u.id=g.black
WHERE g.tournament_id = t1 AND u.id = u1) as s);	
	
END ;;
DELIMITER ;
/*!50003 SET sql_mode              = @saved_sql_mode */ ;
/*!50003 SET character_set_client  = @saved_cs_client */ ;
/*!50003 SET character_set_results = @saved_cs_results */ ;
/*!50003 SET collation_connection  = @saved_col_connection */ ;

--
-- Final view structure for view `available_trainers`
--

/*!50001 DROP VIEW IF EXISTS `available_trainers`*/;
/*!50001 SET @saved_cs_client          = @@character_set_client */;
/*!50001 SET @saved_cs_results         = @@character_set_results */;
/*!50001 SET @saved_col_connection     = @@collation_connection */;
/*!50001 SET character_set_client      = utf8mb4 */;
/*!50001 SET character_set_results     = utf8mb4 */;
/*!50001 SET collation_connection      = utf8mb4_0900_ai_ci */;
/*!50001 CREATE ALGORITHM=UNDEFINED */
/*!50013 DEFINER=`root`@`%` SQL SECURITY DEFINER */
/*!50001 VIEW `available_trainers` AS select `t`.`id` AS `id`,`t`.`name` AS `name`,`tp`.`ratio_for_hour` AS `ratio_for_hour` from (`trainers` `t` join `trainers_profiles` `tp` on((`t`.`id` = `tp`.`trainer_id`))) where (`tp`.`availibility` = 1) */;
/*!50001 SET character_set_client      = @saved_cs_client */;
/*!50001 SET character_set_results     = @saved_cs_results */;
/*!50001 SET collation_connection      = @saved_col_connection */;

--
-- Final view structure for view `current_tournaments`
--

/*!50001 DROP VIEW IF EXISTS `current_tournaments`*/;
/*!50001 SET @saved_cs_client          = @@character_set_client */;
/*!50001 SET @saved_cs_results         = @@character_set_results */;
/*!50001 SET @saved_col_connection     = @@collation_connection */;
/*!50001 SET character_set_client      = utf8mb4 */;
/*!50001 SET character_set_results     = utf8mb4 */;
/*!50001 SET collation_connection      = utf8mb4_0900_ai_ci */;
/*!50001 CREATE ALGORITHM=UNDEFINED */
/*!50013 DEFINER=`root`@`%` SQL SECURITY DEFINER */
/*!50001 VIEW `current_tournaments` AS select distinct `t`.`name` AS `name`,`tg`.`name` AS `type_game`,`t`.`start_at` AS `start_at` from (`tournaments` `t` left join `types_game` `tg` on((`tg`.`id` = `t`.`type_game_id`))) where (`t`.`status_id` = 2) */;
/*!50001 SET character_set_client      = @saved_cs_client */;
/*!50001 SET character_set_results     = @saved_cs_results */;
/*!50001 SET collation_connection      = @saved_col_connection */;

--
-- Final view structure for view `open_clubs`
--

/*!50001 DROP VIEW IF EXISTS `open_clubs`*/;
/*!50001 SET @saved_cs_client          = @@character_set_client */;
/*!50001 SET @saved_cs_results         = @@character_set_results */;
/*!50001 SET @saved_col_connection     = @@collation_connection */;
/*!50001 SET character_set_client      = utf8mb4 */;
/*!50001 SET character_set_results     = utf8mb4 */;
/*!50001 SET collation_connection      = utf8mb4_0900_ai_ci */;
/*!50001 CREATE ALGORITHM=UNDEFINED */
/*!50013 DEFINER=`root`@`%` SQL SECURITY DEFINER */
/*!50001 VIEW `open_clubs` AS select distinct `c`.`id` AS `id`,`c`.`name` AS `name`,count(`cm`.`user_id`) OVER (PARTITION BY `cm`.`club_id` )  AS `amount_of_members` from (`clubs` `c` join `clubs_members` `cm` on((`cm`.`club_id` = `c`.`id`))) where (`c`.`is_closed` is null) */;
/*!50001 SET character_set_client      = @saved_cs_client */;
/*!50001 SET character_set_results     = @saved_cs_results */;
/*!50001 SET collation_connection      = @saved_col_connection */;
/*!40103 SET TIME_ZONE=@OLD_TIME_ZONE */;

/*!40101 SET SQL_MODE=@OLD_SQL_MODE */;
/*!40014 SET FOREIGN_KEY_CHECKS=@OLD_FOREIGN_KEY_CHECKS */;
/*!40014 SET UNIQUE_CHECKS=@OLD_UNIQUE_CHECKS */;
/*!40101 SET CHARACTER_SET_CLIENT=@OLD_CHARACTER_SET_CLIENT */;
/*!40101 SET CHARACTER_SET_RESULTS=@OLD_CHARACTER_SET_RESULTS */;
/*!40101 SET COLLATION_CONNECTION=@OLD_COLLATION_CONNECTION */;
/*!40111 SET SQL_NOTES=@OLD_SQL_NOTES */;

-- Dump completed on 2019-12-29 17:02:40
